experiment,task,n_qubits,arm,replicate,data_seed,search_seed,budget_unique,val_metric_name,val_metric_value,primary_test_metric,primary_test_value,test_rmse,test_mae,test_auc,test_brier,num_proposed,num_valid,num_invalid,num_duplicate,num_failed,num_unique,stop_reason,logical_gate_count,logical_depth,two_qubit_count,parameter_count,transpiled_depth_line,transpiled_2q_line,llm_calls,llm_tokens,llm_cost_usd,llm_mock,model_snapshot
E2,change_point,5,evolutionary_structure,0,1000,2000,24,rmse,0.09569913405216496,test_rmse,0.09940819882982187,0.09940819882982187,0.07600023335511977,,,26,24,0,2,0,24,budget_exhausted,72,41,63,42,335,252,,,,,
E2,change_point,5,evolutionary_structure,1,1001,2001,24,rmse,0.10554966413668951,test_rmse,0.10268173489541896,0.10268173489541896,0.07752802108279971,,,26,24,0,2,0,24,budget_exhausted,32,20,15,26,115,62,,,,,
E2,change_point,5,evolutionary_structure,2,1002,2002,24,rmse,0.10666497780522385,test_rmse,0.10025282919700064,0.10025282919700064,0.07789205629862446,,,29,24,0,5,0,24,budget_exhausted,58,24,25,35,150,106,,,,,
E2,change_point,5,evolutionary_structure,3,1003,2003,24,rmse,0.10756308009196211,test_rmse,0.10275341144346385,0.10275341144346385,0.0795228067173302,,,34,24,0,10,0,24,budget_exhausted,55,27,31,29,146,114,,,,,
E2,change_point,5,evolutionary_structure,4,1004,2004,24,rmse,0.10202097850890308,test_rmse,0.10070674986437805,0.10070674986437805,0.0762048759959007,,,27,24,0,3,0,24,budget_exhausted,46,26,30,45,220,138,,,,,
E2,change_point,5,evolutionary_structure,5,1005,2005,24,rmse,0.10375363240443979,test_rmse,0.1082459648244588,0.1082459648244588,0.08041207910121242,,,25,24,0,1,0,24,budget_exhausted,53,26,32,23,142,94,,,,,
E2,change_point,5,evolutionary_structure,6,1006,2006,24,rmse,0.10439205279767125,test_rmse,0.0991402003680757,0.0991402003680757,0.0765829664470196,,,26,24,0,2,0,24,budget_exhausted,50,23,32,45,184,111,,,,,
E2,change_point,5,evolutionary_structure,7,1007,2007,24,rmse,0.10462368867811576,test_rmse,0.10190666298352452,0.10190666298352452,0.07792211352325913,,,29,24,0,5,0,24,budget_exhausted,51,27,40,42,256,148,,,,,
E2,change_point,5,evolutionary_structure,8,1008,2008,24,rmse,0.10835450518641801,test_rmse,0.10078054426347949,0.10078054426347949,0.07651084821259894,,,25,24,0,1,0,24,budget_exhausted,30,16,14,24,83,49,,,,,
E2,change_point,5,evolutionary_structure,9,1009,2009,24,rmse,0.09974427022518902,test_rmse,0.10381893799020149,0.10381893799020149,0.07727610463086008,,,26,24,0,2,0,24,budget_exhausted,45,22,25,35,112,87,,,,,
E2,change_point,5,greedy_growth,0,1000,2000,24,rmse,0.09527362061260274,test_rmse,0.09957794127280152,0.09957794127280152,0.07677386242674869,,,25,24,0,1,0,24,budget_exhausted,40,23,31,37,207,125,,,,,
E2,change_point,5,greedy_growth,1,1001,2001,24,rmse,0.10423177806701114,test_rmse,0.09996128271043805,0.09996128271043805,0.07663840212752228,,,25,24,0,1,0,24,budget_exhausted,38,25,21,28,135,94,,,,,
E2,change_point,5,greedy_growth,2,1002,2002,24,rmse,0.1066542571816475,test_rmse,0.09867381556159577,0.09867381556159577,0.07493595233112782,,,27,24,0,3,0,24,budget_exhausted,34,20,18,29,135,68,,,,,
E2,change_point,5,greedy_growth,3,1003,2003,24,rmse,0.11311724954211107,test_rmse,0.1032293021458954,0.1032293021458954,0.07505069046470333,,,24,24,0,0,0,24,budget_exhausted,30,13,9,20,48,20,,,,,
E2,change_point,5,greedy_growth,4,1004,2004,24,rmse,0.1029967314379225,test_rmse,0.10178367039811002,0.10178367039811002,0.07612093600612097,,,25,24,0,1,0,24,budget_exhausted,32,11,5,31,56,19,,,,,
E2,change_point,5,greedy_growth,5,1005,2005,24,rmse,0.1014413731402583,test_rmse,0.10468093182593842,0.10468093182593842,0.07799294670748086,,,27,24,0,3,0,24,budget_exhausted,41,16,15,35,70,45,,,,,
E2,change_point,5,greedy_growth,6,1006,2006,24,rmse,0.10466284059382522,test_rmse,0.09840302910227705,0.09840302910227705,0.07506964464244545,,,25,24,0,1,0,24,budget_exhausted,37,19,18,28,96,55,,,,,
E2,change_point,5,greedy_growth,7,1007,2007,24,rmse,0.10465925629470309,test_rmse,0.10059335789316211,0.10059335789316211,0.07820752404672487,,,25,24,0,1,0,24,budget_exhausted,44,21,23,25,107,66,,,,,
E2,change_point,5,greedy_growth,8,1008,2008,24,rmse,0.15267887663161755,test_rmse,0.14000777755999472,0.14000777755999472,0.11199565760879944,,,25,24,0,1,0,24,budget_exhausted,29,15,11,21,91,47,,,,,
E2,change_point,5,greedy_growth,9,1009,2009,24,rmse,0.1103094925278692,test_rmse,0.11295528044521014,0.11295528044521014,0.08394490791221695,,,25,24,0,1,0,24,budget_exhausted,38,21,18,32,136,65,,,,,
E2,change_point,5,random_structure,0,1000,2000,24,rmse,0.09770630065845609,test_rmse,0.10061109757519274,0.10061109757519274,0.07708182867669447,,,24,24,0,0,0,24,budget_exhausted,38,22,22,23,118,77,,,,,
E2,change_point,5,random_structure,1,1001,2001,24,rmse,0.10787201739485615,test_rmse,0.10215700534655753,0.10215700534655753,0.08150442457533996,,,24,24,0,0,0,24,budget_exhausted,36,17,15,25,91,53,,,,,
E2,change_point,5,random_structure,2,1002,2002,24,rmse,0.10606648788546508,test_rmse,0.09840765927889386,0.09840765927889386,0.07651884122181284,,,24,24,0,0,0,24,budget_exhausted,42,20,15,37,119,56,,,,,
E2,change_point,5,random_structure,3,1003,2003,24,rmse,0.10999246375265416,test_rmse,0.10093439059486582,0.10093439059486582,0.07471684964880071,,,24,24,0,0,0,24,budget_exhausted,45,21,19,35,117,65,,,,,
E2,change_point,5,random_structure,4,1004,2004,24,rmse,0.10332114116229339,test_rmse,0.10133111365961504,0.10133111365961504,0.07603012964822299,,,24,24,0,0,0,24,budget_exhausted,41,15,7,35,50,21,,,,,
E2,change_point,5,random_structure,5,1005,2005,24,rmse,0.09940862405105387,test_rmse,0.10448285125681134,0.10448285125681134,0.07836266177902146,,,24,24,0,0,0,24,budget_exhausted,32,19,15,31,116,64,,,,,
E2,change_point,5,random_structure,6,1006,2006,24,rmse,0.10638842613561009,test_rmse,0.10047629738653466,0.10047629738653466,0.07911344887005872,,,24,24,0,0,0,24,budget_exhausted,54,26,39,39,228,149,,,,,
E2,change_point,5,random_structure,7,1007,2007,24,rmse,0.10118956997951822,test_rmse,0.10184242263758352,0.10184242263758352,0.07684976330880101,,,24,24,0,0,0,24,budget_exhausted,38,22,29,22,145,100,,,,,
E2,change_point,5,random_structure,8,1008,2008,24,rmse,0.1198800763784425,test_rmse,0.11188440284819208,0.11188440284819208,0.08852143561268029,,,24,24,0,0,0,24,budget_exhausted,24,9,4,18,27,8,,,,,
E2,change_point,5,random_structure,9,1009,2009,24,rmse,0.0974031320522061,test_rmse,0.10382173920215103,0.10382173920215103,0.07937874575489616,,,24,24,0,0,0,24,budget_exhausted,38,20,21,31,153,82,,,,,
E2,change_point,5,ref_realamp_d1,0,1000,2000,24,rmse,0.26864783211577337,test_rmse,0.2641253461147995,0.2641253461147995,0.21245770684712093,,,1,1,0,0,0,1,arm_exhausted,10,6,4,5,8,4,,,,,
E2,change_point,5,ref_realamp_d1,1,1001,2001,24,rmse,0.3496377886538818,test_rmse,0.3325307045402416,0.3325307045402416,0.2782296881630848,,,1,1,0,0,0,1,arm_exhausted,10,6,4,5,8,4,,,,,
E2,change_point,5,ref_realamp_d1,2,1002,2002,24,rmse,0.26623866147042313,test_rmse,0.26154781716639675,0.26154781716639675,0.21210679234759036,,,1,1,0,0,0,1,arm_exhausted,10,6,4,5,8,4,,,,,
E2,change_point,5,ref_realamp_d1,3,1003,2003,24,rmse,0.2637447790398532,test_rmse,0.2696820662671621,0.2696820662671621,0.2179550184887102,,,1,1,0,0,0,1,arm_exhausted,10,6,4,5,8,4,,,,,
E2,change_point,5,ref_realamp_d1,4,1004,2004,24,rmse,0.2690156304888895,test_rmse,0.2684412622609191,0.2684412622609191,0.22111768327600473,,,1,1,0,0,0,1,arm_exhausted,10,6,4,5,8,4,,,,,
E2,change_point,5,ref_realamp_d1,5,1005,2005,24,rmse,0.28102121960542037,test_rmse,0.25966186230236443,0.25966186230236443,0.20581213614388932,,,1,1,0,0,0,1,arm_exhausted,10,6,4,5,8,4,,,,,
E2,change_point,5,ref_realamp_d1,6,1006,2006,24,rmse,0.27149431897848936,test_rmse,0.26925421776499,0.26925421776499,0.21185776449789298,,,1,1,0,0,0,1,arm_exhausted,10,6,4,5,8,4,,,,,
E2,change_point,5,ref_realamp_d1,7,1007,2007,24,rmse,0.28001793151073356,test_rmse,0.2667787194777875,0.2667787194777875,0.21508452879793555,,,1,1,0,0,0,1,arm_exhausted,10,6,4,5,8,4,,,,,
E2,change_point,5,ref_realamp_d1,8,1008,2008,24,rmse,0.34714577909704647,test_rmse,0.3336123204714865,0.3336123204714865,0.27678364890339474,,,1,1,0,0,0,1,arm_exhausted,10,6,4,5,8,4,,,,,
E2,change_point,5,ref_realamp_d1,9,1009,2009,24,rmse,0.3398890413102461,test_rmse,0.3367163686924615,0.3367163686924615,0.280062430108151,,,1,1,0,0,0,1,arm_exhausted,10,6,4,5,8,4,,,,,
E2,change_point,5,ref_realamp_d2,0,1000,2000,24,rmse,0.11363298029169941,test_rmse,0.11904686303509775,0.11904686303509775,0.09401447479799756,,,1,1,0,0,0,1,arm_exhausted,19,9,8,10,14,8,,,,,
E2,change_point,5,ref_realamp_d2,1,1001,2001,24,rmse,0.12422692878663937,test_rmse,0.11692521951432806,0.11692521951432806,0.09395265476623038,,,1,1,0,0,0,1,arm_exhausted,19,9,8,10,14,8,,,,,
E2,change_point,5,ref_realamp_d2,2,1002,2002,24,rmse,0.12402529434976534,test_rmse,0.11664434019999663,0.11664434019999663,0.09210643414687819,,,1,1,0,0,0,1,arm_exhausted,19,9,8,10,14,8,,,,,
E2,change_point,5,ref_realamp_d2,3,1003,2003,24,rmse,0.1393642984205948,test_rmse,0.12095745136593611,0.12095745136593611,0.08338400914536384,,,1,1,0,0,0,1,arm_exhausted,19,9,8,10,14,8,,,,,
E2,change_point,5,ref_realamp_d2,4,1004,2004,24,rmse,0.11598843209349459,test_rmse,0.11885773863135494,0.11885773863135494,0.09267314034264149,,,1,1,0,0,0,1,arm_exhausted,19,9,8,10,14,8,,,,,
E2,change_point,5,ref_realamp_d2,5,1005,2005,24,rmse,0.12266533164560749,test_rmse,0.12673796902145104,0.12673796902145104,0.08935261056622601,,,1,1,0,0,0,1,arm_exhausted,19,9,8,10,14,8,,,,,
E2,change_point,5,ref_realamp_d2,6,1006,2006,24,rmse,0.1272864487106739,test_rmse,0.11953885806464172,0.11953885806464172,0.09362196439579948,,,1,1,0,0,0,1,arm_exhausted,19,9,8,10,14,8,,,,,
E2,change_point,5,ref_realamp_d2,7,1007,2007,24,rmse,0.12296908365423367,test_rmse,0.11435406534242028,0.11435406534242028,0.08866453372682573,,,1,1,0,0,0,1,arm_exhausted,19,9,8,10,14,8,,,,,
E2,change_point,5,ref_realamp_d2,8,1008,2008,24,rmse,0.1307964598513831,test_rmse,0.12022721953371908,0.12022721953371908,0.09506118719236259,,,1,1,0,0,0,1,arm_exhausted,19,9,8,10,14,8,,,,,
E2,change_point,5,ref_realamp_d2,9,1009,2009,24,rmse,0.12662256752539675,test_rmse,0.12092233560900209,0.12092233560900209,0.09178692439685303,,,1,1,0,0,0,1,arm_exhausted,19,9,8,10,14,8,,,,,
E2,change_point,5,ref_strongent_d1,0,1000,2000,24,rmse,0.14845733230556718,test_rmse,0.14754820388701703,0.14754820388701703,0.11159696022264584,,,1,1,0,0,0,1,arm_exhausted,21,9,5,15,15,12,,,,,
E2,change_point,5,ref_strongent_d1,1,1001,2001,24,rmse,0.15817619335000765,test_rmse,0.1564023617573529,0.1564023617573529,0.12470514859558786,,,1,1,0,0,0,1,arm_exhausted,21,9,5,15,15,12,,,,,
E2,change_point,5,ref_strongent_d1,2,1002,2002,24,rmse,0.15246996623251377,test_rmse,0.15122786101837699,0.15122786101837699,0.11706554671339137,,,1,1,0,0,0,1,arm_exhausted,21,9,5,15,15,12,,,,,
E2,change_point,5,ref_strongent_d1,3,1003,2003,24,rmse,0.15107464792039155,test_rmse,0.15590238685235705,0.15590238685235705,0.12222166903495611,,,1,1,0,0,0,1,arm_exhausted,21,9,5,15,15,12,,,,,
E2,change_point,5,ref_strongent_d1,4,1004,2004,24,rmse,0.15379423368038314,test_rmse,0.15135612876838606,0.15135612876838606,0.1128892461914795,,,1,1,0,0,0,1,arm_exhausted,21,9,5,15,15,12,,,,,
E2,change_point,5,ref_strongent_d1,5,1005,2005,24,rmse,0.1533978970652717,test_rmse,0.15344740476491428,0.15344740476491428,0.11861935990125932,,,1,1,0,0,0,1,arm_exhausted,21,9,5,15,15,12,,,,,
E2,change_point,5,ref_strongent_d1,6,1006,2006,24,rmse,0.15555950371931496,test_rmse,0.15313140223929445,0.15313140223929445,0.11901282787087038,,,1,1,0,0,0,1,arm_exhausted,21,9,5,15,15,12,,,,,
E2,change_point,5,ref_strongent_d1,7,1007,2007,24,rmse,0.14707960059184685,test_rmse,0.15606934980151874,0.15606934980151874,0.117360607272577,,,1,1,0,0,0,1,arm_exhausted,21,9,5,15,15,12,,,,,
E2,change_point,5,ref_strongent_d1,8,1008,2008,24,rmse,0.16029314307426457,test_rmse,0.1506810863912707,0.1506810863912707,0.11342506673297269,,,1,1,0,0,0,1,arm_exhausted,21,9,5,15,15,12,,,,,
E2,change_point,5,ref_strongent_d1,9,1009,2009,24,rmse,0.13983946362558156,test_rmse,0.1503562436824964,0.1503562436824964,0.11557500429643638,,,1,1,0,0,0,1,arm_exhausted,21,9,5,15,15,12,,,,,
E2,change_point,5,ref_strongent_d2,0,1000,2000,24,rmse,0.09975163502852917,test_rmse,0.10363785571255867,0.10363785571255867,0.07704667451135391,,,1,1,0,0,0,1,arm_exhausted,41,17,10,30,47,29,,,,,
E2,change_point,5,ref_strongent_d2,1,1001,2001,24,rmse,0.10976637558850635,test_rmse,0.1022244263721992,0.1022244263721992,0.07949049728744752,,,1,1,0,0,0,1,arm_exhausted,41,17,10,30,47,29,,,,,
E2,change_point,5,ref_strongent_d2,2,1002,2002,24,rmse,0.11106887078595622,test_rmse,0.10395714288466099,0.10395714288466099,0.0783944909821446,,,1,1,0,0,0,1,arm_exhausted,41,17,10,30,47,29,,,,,
E2,change_point,5,ref_strongent_d2,3,1003,2003,24,rmse,0.11163401398506499,test_rmse,0.10218273212483141,0.10218273212483141,0.07450022994723643,,,1,1,0,0,0,1,arm_exhausted,41,17,10,30,47,29,,,,,
E2,change_point,5,ref_strongent_d2,4,1004,2004,24,rmse,0.1068336535953823,test_rmse,0.10631069226424071,0.10631069226424071,0.07807636858023463,,,1,1,0,0,0,1,arm_exhausted,41,17,10,30,47,29,,,,,
E2,change_point,5,ref_strongent_d2,5,1005,2005,24,rmse,0.11030777771987675,test_rmse,0.11112084031642154,0.11112084031642154,0.08015918273373406,,,1,1,0,0,0,1,arm_exhausted,41,17,10,30,47,29,,,,,
E2,change_point,5,ref_strongent_d2,6,1006,2006,24,rmse,0.10984324559848947,test_rmse,0.10365241003495128,0.10365241003495128,0.07779242910759182,,,1,1,0,0,0,1,arm_exhausted,41,17,10,30,47,29,,,,,
E2,change_point,5,ref_strongent_d2,7,1007,2007,24,rmse,0.10645815647196204,test_rmse,0.10060723969180152,0.10060723969180152,0.07653855687423042,,,1,1,0,0,0,1,arm_exhausted,41,17,10,30,47,29,,,,,
E2,change_point,5,ref_strongent_d2,8,1008,2008,24,rmse,0.11344891628083123,test_rmse,0.10425467597642975,0.10425467597642975,0.07930956381720661,,,1,1,0,0,0,1,arm_exhausted,41,17,10,30,47,29,,,,,
E2,change_point,5,ref_strongent_d2,9,1009,2009,24,rmse,0.10054142709053157,test_rmse,0.10742636397250925,0.10742636397250925,0.07976882678632868,,,1,1,0,0,0,1,arm_exhausted,41,17,10,30,47,29,,,,,
E2,gauss_peak,5,evolutionary_structure,0,1000,2000,24,rmse,0.018642545326540274,test_rmse,0.020500293509092233,0.020500293509092233,0.014931208364930351,,,30,24,0,6,0,24,budget_exhausted,39,22,20,32,153,68,,,,,
E2,gauss_peak,5,evolutionary_structure,1,1001,2001,24,rmse,0.02188064393310312,test_rmse,0.021239390632518174,0.021239390632518174,0.015986231476368726,,,26,24,0,2,0,24,budget_exhausted,28,24,20,16,138,79,,,,,
E2,gauss_peak,5,evolutionary_structure,2,1002,2002,24,rmse,0.030343194767381784,test_rmse,0.029899674459770535,0.029899674459770535,0.022635254172705305,,,28,24,0,4,0,24,budget_exhausted,32,18,22,31,151,78,,,,,
E2,gauss_peak,5,evolutionary_structure,3,1003,2003,24,rmse,0.021385417137987316,test_rmse,0.021035432406963914,0.021035432406963914,0.01503532804687554,,,27,24,0,3,0,24,budget_exhausted,52,26,28,28,206,107,,,,,
E2,gauss_peak,5,evolutionary_structure,4,1004,2004,24,rmse,0.034426782569479446,test_rmse,0.03525898646443078,0.03525898646443078,0.026258724676339492,,,25,24,0,1,0,24,budget_exhausted,60,36,52,34,312,211,,,,,
E2,gauss_peak,5,evolutionary_structure,5,1005,2005,24,rmse,0.018262154238134203,test_rmse,0.02222799823353168,0.02222799823353168,0.016530649629998315,,,27,24,0,3,0,24,budget_exhausted,43,19,16,31,108,60,,,,,
E2,gauss_peak,5,evolutionary_structure,6,1006,2006,24,rmse,0.019968712803067144,test_rmse,0.021213697027307882,0.021213697027307882,0.015151677233690396,,,26,24,0,2,0,24,budget_exhausted,56,29,40,25,196,146,,,,,
E2,gauss_peak,5,evolutionary_structure,7,1007,2007,24,rmse,0.019890201510889115,test_rmse,0.018782051257279497,0.018782051257279497,0.013768901621020353,,,28,24,0,4,0,24,budget_exhausted,41,23,23,40,171,76,,,,,
E2,gauss_peak,5,evolutionary_structure,8,1008,2008,24,rmse,0.05320142722294928,test_rmse,0.05457758533529647,0.05457758533529647,0.04340605254219354,,,29,24,0,5,0,24,budget_exhausted,36,16,14,11,67,42,,,,,
E2,gauss_peak,5,evolutionary_structure,9,1009,2009,24,rmse,0.025696299853176795,test_rmse,0.02244414293426102,0.02244414293426102,0.016959870910200597,,,26,24,0,2,0,24,budget_exhausted,26,15,15,24,93,47,,,,,
E2,gauss_peak,5,greedy_growth,0,1000,2000,24,rmse,0.030591463436505324,test_rmse,0.032369179211392665,0.032369179211392665,0.025045331794100026,,,28,24,0,4,0,24,budget_exhausted,23,15,15,22,121,66,,,,,
E2,gauss_peak,5,greedy_growth,1,1001,2001,24,rmse,0.022618987394289258,test_rmse,0.02108055083422396,0.02108055083422396,0.014630137414708722,,,26,24,0,2,0,24,budget_exhausted,49,21,17,31,124,70,,,,,
E2,gauss_peak,5,greedy_growth,2,1002,2002,24,rmse,0.021620199536994514,test_rmse,0.022154487724550916,0.022154487724550916,0.01590430460322778,,,25,24,0,1,0,24,budget_exhausted,54,28,43,25,164,148,,,,,
E2,gauss_peak,5,greedy_growth,3,1003,2003,24,rmse,0.0377681687918091,test_rmse,0.041602093294412563,0.041602093294412563,0.03233968529483006,,,25,24,0,1,0,24,budget_exhausted,35,16,14,34,111,58,,,,,
E2,gauss_peak,5,greedy_growth,4,1004,2004,24,rmse,0.07098149762828555,test_rmse,0.06908573950856793,0.06908573950856793,0.05656929919880366,,,26,24,0,2,0,24,budget_exhausted,16,5,0,12,9,0,,,,,
E2,gauss_peak,5,greedy_growth,5,1005,2005,24,rmse,0.018872752109657148,test_rmse,0.02378621706309657,0.02378621706309657,0.01547349776941715,,,24,24,0,0,0,24,budget_exhausted,31,21,20,26,155,81,,,,,
E2,gauss_peak,5,greedy_growth,6,1006,2006,24,rmse,0.020049873886234422,test_rmse,0.020663724587788847,0.020663724587788847,0.014832791524822479,,,24,24,0,0,0,24,budget_exhausted,44,25,26,31,131,89,,,,,
E2,gauss_peak,5,greedy_growth,7,1007,2007,24,rmse,0.022341321649121944,test_rmse,0.022057733304597166,0.022057733304597166,0.015266404983704532,,,29,24,0,5,0,24,budget_exhausted,21,12,15,20,101,58,,,,,
E2,gauss_peak,5,greedy_growth,8,1008,2008,24,rmse,0.02462127552486626,test_rmse,0.023336550863114175,0.023336550863114175,0.017432477062925368,,,24,24,0,0,0,24,budget_exhausted,28,18,14,17,68,48,,,,,
E2,gauss_peak,5,greedy_growth,9,1009,2009,24,rmse,0.028248771605876685,test_rmse,0.02439241080416523,0.02439241080416523,0.018304886812567436,,,26,24,0,2,0,24,budget_exhausted,17,12,9,12,48,30,,,,,
E2,gauss_peak,5,random_structure,0,1000,2000,24,rmse,0.01876619126306002,test_rmse,0.020057489706422717,0.020057489706422717,0.014850040277061815,,,24,24,0,0,0,24,budget_exhausted,48,20,16,37,134,65,,,,,
E2,gauss_peak,5,random_structure,1,1001,2001,24,rmse,0.020795338919154957,test_rmse,0.01967862216652125,0.01967862216652125,0.014117405578969247,,,24,24,0,0,0,24,budget_exhausted,45,23,28,40,153,91,,,,,
E2,gauss_peak,5,random_structure,2,1002,2002,24,rmse,0.021681570744339587,test_rmse,0.020424118004473534,0.020424118004473534,0.013835065079347592,,,24,24,0,0,0,24,budget_exhausted,46,27,23,30,128,95,,,,,
E2,gauss_peak,5,random_structure,3,1003,2003,24,rmse,0.01996251640650745,test_rmse,0.02100828487011442,0.02100828487011442,0.014290904291105641,,,24,24,0,0,0,24,budget_exhausted,69,34,55,47,293,214,,,,,
E2,gauss_peak,5,random_structure,4,1004,2004,24,rmse,0.019574210182236897,test_rmse,0.021412554816051924,0.021412554816051924,0.014685413920228893,,,24,24,0,0,0,24,budget_exhausted,57,27,28,41,198,112,,,,,
E2,gauss_peak,5,random_structure,5,1005,2005,24,rmse,0.01758137510439825,test_rmse,0.02148824197018605,0.02148824197018605,0.015205347783697568,,,24,24,0,0,0,24,budget_exhausted,33,17,18,31,96,44,,,,,
E2,gauss_peak,5,random_structure,6,1006,2006,24,rmse,0.020631907274211887,test_rmse,0.021344363803197767,0.021344363803197767,0.015579742399782059,,,24,24,0,0,0,24,budget_exhausted,59,29,39,40,248,154,,,,,
E2,gauss_peak,5,random_structure,7,1007,2007,24,rmse,0.025758571180907047,test_rmse,0.02271339238089661,0.02271339238089661,0.01666618522951912,,,24,24,0,0,0,24,budget_exhausted,44,33,36,36,223,151,,,,,
E2,gauss_peak,5,random_structure,8,1008,2008,24,rmse,0.022684665618731947,test_rmse,0.022692715373543896,0.022692715373543896,0.015472033798405567,,,24,24,0,0,0,24,budget_exhausted,34,20,16,27,116,59,,,,,
E2,gauss_peak,5,random_structure,9,1009,2009,24,rmse,0.026007333565307104,test_rmse,0.022064363024061177,0.022064363024061177,0.01640271326694047,,,24,24,0,0,0,24,budget_exhausted,28,19,20,20,89,59,,,,,
E2,gauss_peak,5,ref_realamp_d1,0,1000,2000,24,rmse,0.170474365390535,test_rmse,0.16407457844472964,0.16407457844472964,0.13863001588639468,,,1,1,0,0,0,1,arm_exhausted,10,6,4,5,8,4,,,,,
E2,gauss_peak,5,ref_realamp_d1,1,1001,2001,24,rmse,0.16371167686038357,test_rmse,0.16363864708060114,0.16363864708060114,0.13910141992151223,,,1,1,0,0,0,1,arm_exhausted,10,6,4,5,8,4,,,,,
E2,gauss_peak,5,ref_realamp_d1,2,1002,2002,24,rmse,0.16479645176234575,test_rmse,0.16598276738241424,0.16598276738241424,0.14205531787746387,,,1,1,0,0,0,1,arm_exhausted,10,6,4,5,8,4,,,,,
E2,gauss_peak,5,ref_realamp_d1,3,1003,2003,24,rmse,0.16029565516859975,test_rmse,0.1680481656693825,0.1680481656693825,0.14376720588043024,,,1,1,0,0,0,1,arm_exhausted,10,6,4,5,8,4,,,,,
E2,gauss_peak,5,ref_realamp_d1,4,1004,2004,24,rmse,0.16624316516961243,test_rmse,0.16090364503209717,0.16090364503209717,0.1350939198218323,,,1,1,0,0,0,1,arm_exhausted,10,6,4,5,8,4,,,,,
E2,gauss_peak,5,ref_realamp_d1,5,1005,2005,24,rmse,0.16656813756061362,test_rmse,0.16723371329842593,0.16723371329842593,0.1423055457084454,,,1,1,0,0,0,1,arm_exhausted,10,6,4,5,8,4,,,,,
E2,gauss_peak,5,ref_realamp_d1,6,1006,2006,24,rmse,0.15571314949117712,test_rmse,0.16437532539898775,0.16437532539898775,0.13993886369596517,,,1,1,0,0,0,1,arm_exhausted,10,6,4,5,8,4,,,,,
E2,gauss_peak,5,ref_realamp_d1,7,1007,2007,24,rmse,0.17073683340424253,test_rmse,0.16506325269284866,0.16506325269284866,0.13996636120509837,,,1,1,0,0,0,1,arm_exhausted,10,6,4,5,8,4,,,,,
E2,gauss_peak,5,ref_realamp_d1,8,1008,2008,24,rmse,0.16078507683432658,test_rmse,0.16624519098560753,0.16624519098560753,0.14214058436521065,,,1,1,0,0,0,1,arm_exhausted,10,6,4,5,8,4,,,,,
E2,gauss_peak,5,ref_realamp_d1,9,1009,2009,24,rmse,0.1669860136873818,test_rmse,0.1642850177951892,0.1642850177951892,0.14004112776210914,,,1,1,0,0,0,1,arm_exhausted,10,6,4,5,8,4,,,,,
E2,gauss_peak,5,ref_realamp_d2,0,1000,2000,24,rmse,0.09254863469509186,test_rmse,0.09310114961111876,0.09310114961111876,0.07666282276631976,,,1,1,0,0,0,1,arm_exhausted,19,9,8,10,14,8,,,,,
E2,gauss_peak,5,ref_realamp_d2,1,1001,2001,24,rmse,0.09964989872689374,test_rmse,0.09849322575654448,0.09849322575654448,0.07934401787311669,,,1,1,0,0,0,1,arm_exhausted,19,9,8,10,14,8,,,,,
E2,gauss_peak,5,ref_realamp_d2,2,1002,2002,24,rmse,0.051938100830508586,test_rmse,0.04927631524871325,0.04927631524871325,0.039692833080402314,,,1,1,0,0,0,1,arm_exhausted,19,9,8,10,14,8,,,,,
E2,gauss_peak,5,ref_realamp_d2,3,1003,2003,24,rmse,0.0939624784473504,test_rmse,0.10029840348271817,0.10029840348271817,0.08115320381211334,,,1,1,0,0,0,1,arm_exhausted,19,9,8,10,14,8,,,,,
E2,gauss_peak,5,ref_realamp_d2,4,1004,2004,24,rmse,0.08875969608050376,test_rmse,0.09384600403526445,0.09384600403526445,0.07681114709930664,,,1,1,0,0,0,1,arm_exhausted,19,9,8,10,14,8,,,,,
E2,gauss_peak,5,ref_realamp_d2,5,1005,2005,24,rmse,0.09524122684493443,test_rmse,0.10054826566818766,0.10054826566818766,0.07959147523972318,,,1,1,0,0,0,1,arm_exhausted,19,9,8,10,14,8,,,,,
E2,gauss_peak,5,ref_realamp_d2,6,1006,2006,24,rmse,0.09193906478952751,test_rmse,0.09441063679583636,0.09441063679583636,0.07699537085851199,,,1,1,0,0,0,1,arm_exhausted,19,9,8,10,14,8,,,,,
E2,gauss_peak,5,ref_realamp_d2,7,1007,2007,24,rmse,0.04949526356195853,test_rmse,0.04968218999842113,0.04968218999842113,0.03978750463674127,,,1,1,0,0,0,1,arm_exhausted,19,9,8,10,14,8,,,,,
E2,gauss_peak,5,ref_realamp_d2,8,1008,2008,24,rmse,0.09760221695330897,test_rmse,0.09300132191483652,0.09300132191483652,0.07619322349677143,,,1,1,0,0,0,1,arm_exhausted,19,9,8,10,14,8,,,,,
E2,gauss_peak,5,ref_realamp_d2,9,1009,2009,24,rmse,0.09771720975839324,test_rmse,0.09313821129341164,0.09313821129341164,0.07678140194662046,,,1,1,0,0,0,1,arm_exhausted,19,9,8,10,14,8,,,,,
E2,gauss_peak,5,ref_strongent_d1,0,1000,2000,24,rmse,0.22054350399245193,test_rmse,0.22417736832348173,0.22417736832348173,0.20614715925299665,,,1,1,0,0,0,1,arm_exhausted,21,9,5,15,15,12,,,,,
E2,gauss_peak,5,ref_strongent_d1,1,1001,2001,24,rmse,0.23400526185691137,test_rmse,0.22498970781764244,0.22498970781764244,0.2056150303192944,,,1,1,0,0,0,1,arm_exhausted,21,9,5,15,15,12,,,,,
E2,gauss_peak,5,ref_strongent_d1,2,1002,2002,24,rmse,0.2257155376954218,test_rmse,0.2266047872415971,0.2266047872415971,0.20955273867659846,,,1,1,0,0,0,1,arm_exhausted,21,9,5,15,15,12,,,,,
E2,gauss_peak,5,ref_strongent_d1,3,1003,2003,24,rmse,0.221378674616488,test_rmse,0.225501509046809,0.225501509046809,0.21199333144291407,,,1,1,0,0,0,1,arm_exhausted,21,9,5,15,15,12,,,,,
E2,gauss_peak,5,ref_strongent_d1,4,1004,2004,24,rmse,0.22483949824072066,test_rmse,0.22480977973352823,0.22480977973352823,0.20139001487934904,,,1,1,0,0,0,1,arm_exhausted,21,9,5,15,15,12,,,,,
E2,gauss_peak,5,ref_strongent_d1,5,1005,2005,24,rmse,0.22006417487695262,test_rmse,0.22552896963739752,0.22552896963739752,0.20728452099114741,,,1,1,0,0,0,1,arm_exhausted,21,9,5,15,15,12,,,,,
E2,gauss_peak,5,ref_strongent_d1,6,1006,2006,24,rmse,0.22940260308832316,test_rmse,0.2239677193885855,0.2239677193885855,0.20298043512643776,,,1,1,0,0,0,1,arm_exhausted,21,9,5,15,15,12,,,,,
E2,gauss_peak,5,ref_strongent_d1,7,1007,2007,24,rmse,0.22712017364990883,test_rmse,0.2207625936984727,0.2207625936984727,0.20511200299207177,,,1,1,0,0,0,1,arm_exhausted,21,9,5,15,15,12,,,,,
E2,gauss_peak,5,ref_strongent_d1,8,1008,2008,24,rmse,0.2199065916018674,test_rmse,0.22250610710568533,0.22250610710568533,0.20301215518897459,,,1,1,0,0,0,1,arm_exhausted,21,9,5,15,15,12,,,,,
E2,gauss_peak,5,ref_strongent_d1,9,1009,2009,24,rmse,0.23115991068590416,test_rmse,0.22474085043407413,0.22474085043407413,0.20840011285948873,,,1,1,0,0,0,1,arm_exhausted,21,9,5,15,15,12,,,,,
E2,gauss_peak,5,ref_strongent_d2,0,1000,2000,24,rmse,0.04686389650911262,test_rmse,0.0481977687724096,0.0481977687724096,0.036772556043553936,,,1,1,0,0,0,1,arm_exhausted,41,17,10,30,47,29,,,,,
E2,gauss_peak,5,ref_strongent_d2,1,1001,2001,24,rmse,0.05104747788908722,test_rmse,0.04889908405947998,0.04889908405947998,0.03612520605504216,,,1,1,0,0,0,1,arm_exhausted,41,17,10,30,47,29,,,,,
E2,gauss_peak,5,ref_strongent_d2,2,1002,2002,24,rmse,0.022318840452512194,test_rmse,0.02234606991527742,0.02234606991527742,0.016954385631432416,,,1,1,0,0,0,1,arm_exhausted,41,17,10,30,47,29,,,,,
E2,gauss_peak,5,ref_strongent_d2,3,1003,2003,24,rmse,0.023559506489325397,test_rmse,0.02351720145055801,0.02351720145055801,0.01770389282338788,,,1,1,0,0,0,1,arm_exhausted,41,17,10,30,47,29,,,,,
E2,gauss_peak,5,ref_strongent_d2,4,1004,2004,24,rmse,0.05102959253841958,test_rmse,0.05380054010054273,0.05380054010054273,0.03971859988887126,,,1,1,0,0,0,1,arm_exhausted,41,17,10,30,47,29,,,,,
E2,gauss_peak,5,ref_strongent_d2,5,1005,2005,24,rmse,0.018107091356885454,test_rmse,0.022972380342613685,0.022972380342613685,0.016112391102151413,,,1,1,0,0,0,1,arm_exhausted,41,17,10,30,47,29,,,,,
E2,gauss_peak,5,ref_strongent_d2,6,1006,2006,24,rmse,0.05550005932711362,test_rmse,0.055113945924958,0.055113945924958,0.04154514618275951,,,1,1,0,0,0,1,arm_exhausted,41,17,10,30,47,29,,,,,
E2,gauss_peak,5,ref_strongent_d2,7,1007,2007,24,rmse,0.024565087866132984,test_rmse,0.02461080524010573,0.02461080524010573,0.018691609893627465,,,1,1,0,0,0,1,arm_exhausted,41,17,10,30,47,29,,,,,
E2,gauss_peak,5,ref_strongent_d2,8,1008,2008,24,rmse,0.02411528230179402,test_rmse,0.024490750863956506,0.024490750863956506,0.017651059070734516,,,1,1,0,0,0,1,arm_exhausted,41,17,10,30,47,29,,,,,
E2,gauss_peak,5,ref_strongent_d2,9,1009,2009,24,rmse,0.04466782151129899,test_rmse,0.03853522845359522,0.03853522845359522,0.028984268113319632,,,1,1,0,0,0,1,arm_exhausted,41,17,10,30,47,29,,,,,
E2,peak_count,5,evolutionary_structure,0,1000,2000,24,brier,0.46407515805664745,test_auc,0.7736988067626953,,,0.7736988067626953,0.21094850186491249,28,24,0,4,0,24,budget_exhausted,59,24,24,58,206,108,,,,,
E2,peak_count,5,evolutionary_structure,1,1001,2001,24,brier,0.46905128521959905,test_auc,0.7146978378295898,,,0.7146978378295898,0.21861906240126328,29,24,0,5,0,24,budget_exhausted,43,18,10,32,83,36,,,,,
E2,peak_count,5,evolutionary_structure,2,1002,2002,24,brier,0.4570143435975133,test_auc,0.7455692291259766,,,0.7455692291259766,0.21636387891714576,31,24,0,7,0,24,budget_exhausted,41,17,20,35,141,85,,,,,
E2,peak_count,5,evolutionary_structure,3,1003,2003,24,brier,0.45456678442645837,test_auc,0.6714897155761719,,,0.6714897155761719,0.23080564292735,25,24,0,1,0,24,budget_exhausted,36,20,22,21,110,56,,,,,
E2,peak_count,5,evolutionary_structure,4,1004,2004,24,brier,0.4728451804525632,test_auc,0.6859922409057617,,,0.6859922409057617,0.22637610489635254,24,24,0,0,0,24,budget_exhausted,39,17,12,29,52,35,,,,,
E2,peak_count,5,evolutionary_structure,5,1005,2005,24,brier,0.4765374822458546,test_auc,0.7641191482543945,,,0.7641191482543945,0.21854554963854067,26,24,0,2,0,24,budget_exhausted,17,9,8,12,35,12,,,,,
E2,peak_count,5,evolutionary_structure,6,1006,2006,24,brier,0.46895921712034283,test_auc,0.7192840576171875,,,0.7192840576171875,0.22209018319734686,27,24,0,3,0,24,budget_exhausted,37,19,14,31,126,59,,,,,
E2,peak_count,5,evolutionary_structure,7,1007,2007,24,brier,0.4578767437650712,test_auc,0.7946920394897461,,,0.7946920394897461,0.21200291645191713,25,24,0,1,0,24,budget_exhausted,45,21,17,30,106,72,,,,,
E2,peak_count,5,evolutionary_structure,8,1008,2008,24,brier,0.46267189946607934,test_auc,0.8133125305175781,,,0.8133125305175781,0.2121920546004466,26,24,0,2,0,24,budget_exhausted,43,24,26,23,143,93,,,,,
E2,peak_count,5,evolutionary_structure,9,1009,2009,24,brier,0.463701251288449,test_auc,0.7014522552490234,,,0.7014522552490234,0.22400686747004636,29,24,0,5,0,24,budget_exhausted,42,22,23,20,101,80,,,,,
E2,peak_count,5,greedy_growth,0,1000,2000,24,brier,0.46374147616645717,test_auc,0.7625970840454102,,,0.7625970840454102,0.21033227257183845,25,24,0,1,0,24,budget_exhausted,44,21,14,34,119,57,,,,,
E2,peak_count,5,greedy_growth,1,1001,2001,24,brier,0.47671632628983224,test_auc,0.706085205078125,,,0.706085205078125,0.22207386307643887,24,24,0,0,0,24,budget_exhausted,19,13,9,15,76,37,,,,,
E2,peak_count,5,greedy_growth,2,1002,2002,24,brier,0.46300340674882406,test_auc,0.7182168960571289,,,0.7182168960571289,0.21956791458312652,25,24,0,1,0,24,budget_exhausted,40,21,22,28,100,84,,,,,
E2,peak_count,5,greedy_growth,3,1003,2003,24,brier,0.4513582675374475,test_auc,0.7174100875854492,,,0.7174100875854492,0.21936945300478264,24,24,0,0,0,24,budget_exhausted,54,30,38,33,216,149,,,,,
E2,peak_count,5,greedy_growth,4,1004,2004,24,brier,0.4654373961868099,test_auc,0.7484302520751953,,,0.7484302520751953,0.2138908101516953,27,24,0,3,0,24,budget_exhausted,40,16,14,29,114,55,,,,,
E2,peak_count,5,greedy_growth,5,1005,2005,24,brier,0.4712381510774269,test_auc,0.7582244873046875,,,0.7582244873046875,0.22315434696586628,27,24,0,3,0,24,budget_exhausted,27,18,20,16,109,78,,,,,
E2,peak_count,5,greedy_growth,6,1006,2006,24,brier,0.4876013779868863,test_auc,0.6070175170898438,,,0.6070175170898438,0.2381869687583682,25,24,0,1,0,24,budget_exhausted,16,5,1,14,13,1,,,,,
E2,peak_count,5,greedy_growth,7,1007,2007,24,brier,0.4546920292414304,test_auc,0.7843437194824219,,,0.7843437194824219,0.21294781505990126,25,24,0,1,0,24,budget_exhausted,45,18,14,42,95,38,,,,,
E2,peak_count,5,greedy_growth,8,1008,2008,24,brier,0.47074195407588537,test_auc,0.7605142593383789,,,0.7605142593383789,0.22013890179194043,26,24,0,2,0,24,budget_exhausted,38,18,15,37,139,66,,,,,
E2,peak_count,5,greedy_growth,9,1009,2009,24,brier,0.46253426804274334,test_auc,0.7287654876708984,,,0.7287654876708984,0.21551588263731125,24,24,0,0,0,24,budget_exhausted,49,34,35,26,211,147,,,,,
E2,peak_count,5,random_structure,0,1000,2000,24,brier,0.4714469096389177,test_auc,0.745396614074707,,,0.745396614074707,0.21303620426898956,24,24,0,0,0,24,budget_exhausted,53,26,29,40,174,104,,,,,
E2,peak_count,5,random_structure,1,1001,2001,24,brier,0.47449777532613135,test_auc,0.7059831619262695,,,0.7059831619262695,0.22130719023040668,24,24,0,0,0,24,budget_exhausted,39,17,19,28,125,64,,,,,
E2,peak_count,5,random_structure,2,1002,2002,24,brier,0.4556245169909287,test_auc,0.7553691864013672,,,0.7553691864013672,0.21314890757715155,24,24,0,0,0,24,budget_exhausted,48,24,26,42,190,106,,,,,
E2,peak_count,5,random_structure,3,1003,2003,24,brier,0.4537401174676243,test_auc,0.7131004333496094,,,0.7131004333496094,0.21907655374874763,24,24,0,0,0,24,budget_exhausted,43,27,29,40,215,131,,,,,
E2,peak_count,5,random_structure,4,1004,2004,24,brier,0.4600459468817664,test_auc,0.7873935699462891,,,0.7873935699462891,0.21126096101759817,24,24,0,0,0,24,budget_exhausted,52,29,34,51,276,134,,,,,
E2,peak_count,5,random_structure,5,1005,2005,24,brier,0.46071292539408343,test_auc,0.7803564071655273,,,0.7803564071655273,0.21176983876203145,24,24,0,0,0,24,budget_exhausted,34,15,15,30,104,60,,,,,
E2,peak_count,5,random_structure,6,1006,2006,24,brier,0.463511334809686,test_auc,0.7317066192626953,,,0.7317066192626953,0.22006341254892295,24,24,0,0,0,24,budget_exhausted,40,21,23,34,155,86,,,,,
E2,peak_count,5,random_structure,7,1007,2007,24,brier,0.4667545453760529,test_auc,0.7504196166992188,,,0.7504196166992188,0.22025392774740735,24,24,0,0,0,24,budget_exhausted,50,28,34,20,170,131,,,,,
E2,peak_count,5,random_structure,8,1008,2008,24,brier,0.46699517679011165,test_auc,0.7917795181274414,,,0.7917795181274414,0.21270494302141293,24,24,0,0,0,24,budget_exhausted,45,25,33,44,226,138,,,,,
E2,peak_count,5,random_structure,9,1009,2009,24,brier,0.4635623261319006,test_auc,0.7078561782836914,,,0.7078561782836914,0.21854177798898497,24,24,0,0,0,24,budget_exhausted,39,23,25,30,138,108,,,,,
E2,peak_count,5,ref_realamp_d1,0,1000,2000,24,brier,0.5346184795067224,test_auc,0.6585521697998047,,,0.6585521697998047,0.271034179947807,1,1,0,0,0,1,arm_exhausted,10,6,4,5,8,4,,,,,
E2,peak_count,5,ref_realamp_d1,1,1001,2001,24,brier,0.5466106160982998,test_auc,0.6077299118041992,,,0.6077299118041992,0.28545151514171996,1,1,0,0,0,1,arm_exhausted,10,6,4,5,8,4,,,,,
E2,peak_count,5,ref_realamp_d1,2,1002,2002,24,brier,0.5495806066785636,test_auc,0.5733699798583984,,,0.5733699798583984,0.3043301948415654,1,1,0,0,0,1,arm_exhausted,10,6,4,5,8,4,,,,,
E2,peak_count,5,ref_realamp_d1,3,1003,2003,24,brier,0.5311371280484469,test_auc,0.5956048965454102,,,0.5956048965454102,0.2980063050745605,1,1,0,0,0,1,arm_exhausted,10,6,4,5,8,4,,,,,
E2,peak_count,5,ref_realamp_d1,4,1004,2004,24,brier,0.542679657667737,test_auc,0.6339988708496094,,,0.6339988708496094,0.278506813526579,1,1,0,0,0,1,arm_exhausted,10,6,4,5,8,4,,,,,
E2,peak_count,5,ref_realamp_d1,5,1005,2005,24,brier,0.5558387579185393,test_auc,0.5588960647583008,,,0.5588960647583008,0.28930698197937255,1,1,0,0,0,1,arm_exhausted,10,6,4,5,8,4,,,,,
E2,peak_count,5,ref_realamp_d1,6,1006,2006,24,brier,0.5222200096762324,test_auc,0.6396713256835938,,,0.6396713256835938,0.2741710527816089,1,1,0,0,0,1,arm_exhausted,10,6,4,5,8,4,,,,,
E2,peak_count,5,ref_realamp_d1,7,1007,2007,24,brier,0.5436251145262971,test_auc,0.5647802352905273,,,0.5647802352905273,0.2937902357056066,1,1,0,0,0,1,arm_exhausted,10,6,4,5,8,4,,,,,
E2,peak_count,5,ref_realamp_d1,8,1008,2008,24,brier,0.533603807694725,test_auc,0.6270589828491211,,,0.6270589828491211,0.27470387289704107,1,1,0,0,0,1,arm_exhausted,10,6,4,5,8,4,,,,,
E2,peak_count,5,ref_realamp_d1,9,1009,2009,24,brier,0.5267514228556625,test_auc,0.5816135406494141,,,0.5816135406494141,0.29899467248396006,1,1,0,0,0,1,arm_exhausted,10,6,4,5,8,4,,,,,
E2,peak_count,5,ref_realamp_d2,0,1000,2000,24,brier,0.5027836903360886,test_auc,0.6441230773925781,,,0.6441230773925781,0.2378773114064573,1,1,0,0,0,1,arm_exhausted,19,9,8,10,14,8,,,,,
E2,peak_count,5,ref_realamp_d2,1,1001,2001,24,brier,0.48932150203988506,test_auc,0.674901008605957,,,0.674901008605957,0.23799013568084743,1,1,0,0,0,1,arm_exhausted,19,9,8,10,14,8,,,,,
E2,peak_count,5,ref_realamp_d2,2,1002,2002,24,brier,0.48122737252853925,test_auc,0.6723785400390625,,,0.6723785400390625,0.239847932741722,1,1,0,0,0,1,arm_exhausted,19,9,8,10,14,8,,,,,
E2,peak_count,5,ref_realamp_d2,3,1003,2003,24,brier,0.48042593867180144,test_auc,0.6023712158203125,,,0.6023712158203125,0.2556287185629059,1,1,0,0,0,1,arm_exhausted,19,9,8,10,14,8,,,,,
E2,peak_count,5,ref_realamp_d2,4,1004,2004,24,brier,0.4888665157724056,test_auc,0.6700305938720703,,,0.6700305938720703,0.23533258932321963,1,1,0,0,0,1,arm_exhausted,19,9,8,10,14,8,,,,,
E2,peak_count,5,ref_realamp_d2,5,1005,2005,24,brier,0.48280445577824815,test_auc,0.6668844223022461,,,0.6668844223022461,0.24096741213791512,1,1,0,0,0,1,arm_exhausted,19,9,8,10,14,8,,,,,
E2,peak_count,5,ref_realamp_d2,6,1006,2006,24,brier,0.489301816017237,test_auc,0.6799564361572266,,,0.6799564361572266,0.23777255963191873,1,1,0,0,0,1,arm_exhausted,19,9,8,10,14,8,,,,,
E2,peak_count,5,ref_realamp_d2,7,1007,2007,24,brier,0.4694732807473983,test_auc,0.6776418685913086,,,0.6776418685913086,0.23425599394951918,1,1,0,0,0,1,arm_exhausted,19,9,8,10,14,8,,,,,
E2,peak_count,5,ref_realamp_d2,8,1008,2008,24,brier,0.5006681311292935,test_auc,0.5034465789794922,,,0.5034465789794922,0.25945208785785223,1,1,0,0,0,1,arm_exhausted,19,9,8,10,14,8,,,,,
E2,peak_count,5,ref_realamp_d2,9,1009,2009,24,brier,0.4851062655334055,test_auc,0.6585149765014648,,,0.6585149765014648,0.238742546462638,1,1,0,0,0,1,arm_exhausted,19,9,8,10,14,8,,,,,
E2,peak_count,5,ref_strongent_d1,0,1000,2000,24,brier,0.4916361954326575,test_auc,0.5848751068115234,,,0.5848751068115234,0.24429263230974202,1,1,0,0,0,1,arm_exhausted,21,9,5,15,15,12,,,,,
E2,peak_count,5,ref_strongent_d1,1,1001,2001,24,brier,0.49400416742513403,test_auc,0.5759420394897461,,,0.5759420394897461,0.24468667889185708,1,1,0,0,0,1,arm_exhausted,21,9,5,15,15,12,,,,,
E2,peak_count,5,ref_strongent_d1,2,1002,2002,24,brier,0.4926897998203378,test_auc,0.630274772644043,,,0.630274772644043,0.23806691926840184,1,1,0,0,0,1,arm_exhausted,21,9,5,15,15,12,,,,,
E2,peak_count,5,ref_strongent_d1,3,1003,2003,24,brier,0.4829462769903679,test_auc,0.6569366455078125,,,0.6569366455078125,0.23673668494321148,1,1,0,0,0,1,arm_exhausted,21,9,5,15,15,12,,,,,
E2,peak_count,5,ref_strongent_d1,4,1004,2004,24,brier,0.4924560616280195,test_auc,0.6218223571777344,,,0.6218223571777344,0.24282649109179197,1,1,0,0,0,1,arm_exhausted,21,9,5,15,15,12,,,,,
E2,peak_count,5,ref_strongent_d1,5,1005,2005,24,brier,0.487220902699656,test_auc,0.6240005493164062,,,0.6240005493164062,0.23842701922861775,1,1,0,0,0,1,arm_exhausted,21,9,5,15,15,12,,,,,
E2,peak_count,5,ref_strongent_d1,6,1006,2006,24,brier,0.487551420444575,test_auc,0.5996665954589844,,,0.5996665954589844,0.2404820271570147,1,1,0,0,0,1,arm_exhausted,21,9,5,15,15,12,,,,,
E2,peak_count,5,ref_strongent_d1,7,1007,2007,24,brier,0.48748263909974604,test_auc,0.613067626953125,,,0.613067626953125,0.23909267136239945,1,1,0,0,0,1,arm_exhausted,21,9,5,15,15,12,,,,,
E2,peak_count,5,ref_strongent_d1,8,1008,2008,24,brier,0.4915463003856536,test_auc,0.6369009017944336,,,0.6369009017944336,0.2376446333866234,1,1,0,0,0,1,arm_exhausted,21,9,5,15,15,12,,,,,
E2,peak_count,5,ref_strongent_d1,9,1009,2009,24,brier,0.4981037417063115,test_auc,0.5718975067138672,,,0.5718975067138672,0.2471583388437243,1,1,0,0,0,1,arm_exhausted,21,9,5,15,15,12,,,,,
E2,peak_count,5,ref_strongent_d2,0,1000,2000,24,brier,0.47451179173096364,test_auc,0.7182769775390625,,,0.7182769775390625,0.21728363566535747,1,1,0,0,0,1,arm_exhausted,41,17,10,30,47,29,,,,,
E2,peak_count,5,ref_strongent_d2,1,1001,2001,24,brier,0.46865326296029197,test_auc,0.7117033004760742,,,0.7117033004760742,0.22027226096261976,1,1,0,0,0,1,arm_exhausted,41,17,10,30,47,29,,,,,
E2,peak_count,5,ref_strongent_d2,2,1002,2002,24,brier,0.46404666517570914,test_auc,0.7363004684448242,,,0.7363004684448242,0.21879822680906885,1,1,0,0,0,1,arm_exhausted,41,17,10,30,47,29,,,,,
E2,peak_count,5,ref_strongent_d2,3,1003,2003,24,brier,0.45437493830676334,test_auc,0.7158298492431641,,,0.7158298492431641,0.22018720353934662,1,1,0,0,0,1,arm_exhausted,41,17,10,30,47,29,,,,,
E2,peak_count,5,ref_strongent_d2,4,1004,2004,24,brier,0.47092329639055963,test_auc,0.7222251892089844,,,0.7222251892089844,0.2236915542303597,1,1,0,0,0,1,arm_exhausted,41,17,10,30,47,29,,,,,
E2,peak_count,5,ref_strongent_d2,5,1005,2005,24,brier,0.4662082801822182,test_auc,0.7602214813232422,,,0.7602214813232422,0.22059586516757915,1,1,0,0,0,1,arm_exhausted,41,17,10,30,47,29,,,,,
E2,peak_count,5,ref_strongent_d2,6,1006,2006,24,brier,0.46650042667586017,test_auc,0.7578792572021484,,,0.7578792572021484,0.21641844787639897,1,1,0,0,0,1,arm_exhausted,41,17,10,30,47,29,,,,,
E2,peak_count,5,ref_strongent_d2,7,1007,2007,24,brier,0.46400231254602475,test_auc,0.7483530044555664,,,0.7483530044555664,0.2162458727970728,1,1,0,0,0,1,arm_exhausted,41,17,10,30,47,29,,,,,
E2,peak_count,5,ref_strongent_d2,8,1008,2008,24,brier,0.47259881977631535,test_auc,0.7895221710205078,,,0.7895221710205078,0.21804502972010975,1,1,0,0,0,1,arm_exhausted,41,17,10,30,47,29,,,,,
E2,peak_count,5,ref_strongent_d2,9,1009,2009,24,brier,0.4652094638724873,test_auc,0.6982936859130859,,,0.6982936859130859,0.22215829559083844,1,1,0,0,0,1,arm_exhausted,41,17,10,30,47,29,,,,,
E2,sin_freq,5,evolutionary_structure,0,1000,2000,24,rmse,0.058209244805302034,test_rmse,0.05727423033041231,0.05727423033041231,0.03962167058210746,,,30,24,0,6,0,24,budget_exhausted,64,31,38,53,281,163,,,,,
E2,sin_freq,5,evolutionary_structure,1,1001,2001,24,rmse,0.15826595464026383,test_rmse,0.17933673836456826,0.17933673836456826,0.12234588063335981,,,29,24,0,5,0,24,budget_exhausted,46,20,14,31,73,39,,,,,
E2,sin_freq,5,evolutionary_structure,2,1002,2002,24,rmse,0.24211576573438817,test_rmse,0.24338830947770432,0.24338830947770432,0.20488068058468759,,,33,24,0,9,0,24,budget_exhausted,38,20,16,18,95,46,,,,,
E2,sin_freq,5,evolutionary_structure,3,1003,2003,24,rmse,0.09584068990126021,test_rmse,0.10026865135780111,0.10026865135780111,0.0780380933024711,,,27,24,0,3,0,24,budget_exhausted,36,28,30,22,179,118,,,,,
E2,sin_freq,5,evolutionary_structure,4,1004,2004,24,rmse,0.07203295091112914,test_rmse,0.07060285565498445,0.07060285565498445,0.051647483878058086,,,27,24,0,3,0,24,budget_exhausted,39,23,25,22,136,92,,,,,
E2,sin_freq,5,evolutionary_structure,5,1005,2005,24,rmse,0.07564577503538655,test_rmse,0.07609161092967737,0.07609161092967737,0.05114834482976989,,,26,24,0,2,0,24,budget_exhausted,45,32,32,22,226,132,,,,,
E2,sin_freq,5,evolutionary_structure,6,1006,2006,24,rmse,0.11180627931488767,test_rmse,0.11233174022747168,0.11233174022747168,0.0861668257298557,,,32,24,0,8,0,24,budget_exhausted,35,30,34,24,203,152,,,,,
E2,sin_freq,5,evolutionary_structure,7,1007,2007,24,rmse,0.06275149884671787,test_rmse,0.06092421993717923,0.06092421993717923,0.046324214060364806,,,29,24,0,5,0,24,budget_exhausted,42,20,21,35,98,66,,,,,
E2,sin_freq,5,evolutionary_structure,8,1008,2008,24,rmse,0.08192353413203628,test_rmse,0.0877423897098386,0.0877423897098386,0.07011247852330625,,,25,24,0,1,0,24,budget_exhausted,33,19,21,20,91,55,,,,,
E2,sin_freq,5,evolutionary_structure,9,1009,2009,24,rmse,0.05073764804785431,test_rmse,0.056564928154422045,0.056564928154422045,0.038218362702112894,,,27,24,0,3,0,24,budget_exhausted,51,29,35,34,189,138,,,,,
E2,sin_freq,5,greedy_growth,0,1000,2000,24,rmse,0.07360919658243135,test_rmse,0.0685421556462686,0.0685421556462686,0.05081184478407866,,,24,24,0,0,0,24,budget_exhausted,27,17,16,16,110,58,,,,,
E2,sin_freq,5,greedy_growth,1,1001,2001,24,rmse,0.16227771819112796,test_rmse,0.1468796543923632,0.1468796543923632,0.11514399122310104,,,26,24,0,2,0,24,budget_exhausted,43,23,28,33,179,108,,,,,
E2,sin_freq,5,greedy_growth,2,1002,2002,24,rmse,0.20343712352806828,test_rmse,0.19853977703319556,0.19853977703319556,0.17187841421136563,,,26,24,0,2,0,24,budget_exhausted,32,17,11,29,92,45,,,,,
E2,sin_freq,5,greedy_growth,3,1003,2003,24,rmse,0.16602720571047724,test_rmse,0.1643579190696397,0.1643579190696397,0.1417689804835229,,,25,24,0,1,0,24,budget_exhausted,30,19,15,29,126,58,,,,,
E2,sin_freq,5,greedy_growth,4,1004,2004,24,rmse,0.0962745432696398,test_rmse,0.09499343129680302,0.09499343129680302,0.07485872963146023,,,24,24,0,0,0,24,budget_exhausted,41,27,35,31,189,138,,,,,
E2,sin_freq,5,greedy_growth,5,1005,2005,24,rmse,0.08971794469250535,test_rmse,0.09269803965491497,0.09269803965491497,0.07540085488444812,,,26,24,0,2,0,24,budget_exhausted,37,16,10,34,80,35,,,,,
E2,sin_freq,5,greedy_growth,6,1006,2006,24,rmse,0.07075936876654897,test_rmse,0.06860686733755278,0.06860686733755278,0.05064775981540019,,,24,24,0,0,0,24,budget_exhausted,46,23,15,30,109,59,,,,,
E2,sin_freq,5,greedy_growth,7,1007,2007,24,rmse,0.05496500245100113,test_rmse,0.0560560909800458,0.0560560909800458,0.04041034206024162,,,24,24,0,0,0,24,budget_exhausted,48,25,25,38,192,92,,,,,
E2,sin_freq,5,greedy_growth,8,1008,2008,24,rmse,0.28712250923283283,test_rmse,0.28407767140440454,0.28407767140440454,0.24325011045619546,,,24,24,0,0,0,24,budget_exhausted,29,13,9,23,70,22,,,,,
E2,sin_freq,5,greedy_growth,9,1009,2009,24,rmse,0.13586996532978685,test_rmse,0.13956603338088067,0.13956603338088067,0.10452447686220194,,,25,24,0,1,0,24,budget_exhausted,30,19,18,25,105,64,,,,,
E2,sin_freq,5,random_structure,0,1000,2000,24,rmse,0.06664160435355815,test_rmse,0.06526388780919602,0.06526388780919602,0.0491628275618717,,,24,24,0,0,0,24,budget_exhausted,44,22,24,29,130,84,,,,,
E2,sin_freq,5,random_structure,1,1001,2001,24,rmse,0.1581431483962627,test_rmse,0.15590073720070358,0.15590073720070358,0.12758120784985055,,,25,24,0,1,0,24,budget_exhausted,48,30,41,22,229,169,,,,,
E2,sin_freq,5,random_structure,2,1002,2002,24,rmse,0.09195796157675329,test_rmse,0.08603654620427574,0.08603654620427574,0.06942670044967147,,,24,24,0,0,0,24,budget_exhausted,25,16,19,7,69,58,,,,,
E2,sin_freq,5,random_structure,3,1003,2003,24,rmse,0.05838728750067719,test_rmse,0.0607127220961937,0.0607127220961937,0.04537274253385232,,,24,24,0,0,0,24,budget_exhausted,31,19,25,20,153,100,,,,,
E2,sin_freq,5,random_structure,4,1004,2004,24,rmse,0.12451790377129651,test_rmse,0.1222446665128797,0.1222446665128797,0.10076326046638977,,,24,24,0,0,0,24,budget_exhausted,54,27,33,48,206,130,,,,,
E2,sin_freq,5,random_structure,5,1005,2005,24,rmse,0.21476066484926634,test_rmse,0.20496628123587657,0.20496628123587657,0.15502102306832372,,,24,24,0,0,0,24,budget_exhausted,27,14,13,24,103,46,,,,,
E2,sin_freq,5,random_structure,6,1006,2006,24,rmse,0.06337091483581547,test_rmse,0.06544849820158526,0.06544849820158526,0.049832647400315976,,,24,24,0,0,0,24,budget_exhausted,31,18,16,29,123,67,,,,,
E2,sin_freq,5,random_structure,7,1007,2007,24,rmse,0.07745752570584925,test_rmse,0.0792031527667144,0.0792031527667144,0.0624664084291139,,,24,24,0,0,0,24,budget_exhausted,36,19,18,34,121,54,,,,,
E2,sin_freq,5,random_structure,8,1008,2008,24,rmse,0.06664731616778728,test_rmse,0.06686008618480922,0.06686008618480922,0.04973281241958924,,,24,24,0,0,0,24,budget_exhausted,53,23,24,23,151,73,,,,,
E2,sin_freq,5,random_structure,9,1009,2009,24,rmse,0.071348742614099,test_rmse,0.07491695953927219,0.07491695953927219,0.05907874731383529,,,24,24,0,0,0,24,budget_exhausted,64,33,45,40,268,169,,,,,
E2,sin_freq,5,ref_realamp_d1,0,1000,2000,24,rmse,0.28918959592572485,test_rmse,0.29489601831697215,0.29489601831697215,0.25741075237252076,,,1,1,0,0,0,1,arm_exhausted,10,6,4,5,8,4,,,,,
E2,sin_freq,5,ref_realamp_d1,1,1001,2001,24,rmse,0.2914995067785167,test_rmse,0.2872127689084397,0.2872127689084397,0.24938828013495995,,,1,1,0,0,0,1,arm_exhausted,10,6,4,5,8,4,,,,,
E2,sin_freq,5,ref_realamp_d1,2,1002,2002,24,rmse,0.2960994051350258,test_rmse,0.29241803533880767,0.29241803533880767,0.25507758253011137,,,1,1,0,0,0,1,arm_exhausted,10,6,4,5,8,4,,,,,
E2,sin_freq,5,ref_realamp_d1,3,1003,2003,24,rmse,0.2906004331837645,test_rmse,0.28679065247517005,0.28679065247517005,0.24711468175903542,,,1,1,0,0,0,1,arm_exhausted,10,6,4,5,8,4,,,,,
E2,sin_freq,5,ref_realamp_d1,4,1004,2004,24,rmse,0.29210384513648996,test_rmse,0.2911073200964545,0.2911073200964545,0.25134391332668493,,,1,1,0,0,0,1,arm_exhausted,10,6,4,5,8,4,,,,,
E2,sin_freq,5,ref_realamp_d1,5,1005,2005,24,rmse,0.29044247789331407,test_rmse,0.29064352685304423,0.29064352685304423,0.2516457978424365,,,1,1,0,0,0,1,arm_exhausted,10,6,4,5,8,4,,,,,
E2,sin_freq,5,ref_realamp_d1,6,1006,2006,24,rmse,0.2910987732252453,test_rmse,0.29486893842260203,0.29486893842260203,0.2542409386967606,,,1,1,0,0,0,1,arm_exhausted,10,6,4,5,8,4,,,,,
E2,sin_freq,5,ref_realamp_d1,7,1007,2007,24,rmse,0.28961762953164466,test_rmse,0.28782197953361416,0.28782197953361416,0.24928117640135916,,,1,1,0,0,0,1,arm_exhausted,10,6,4,5,8,4,,,,,
E2,sin_freq,5,ref_realamp_d1,8,1008,2008,24,rmse,0.29183975714671895,test_rmse,0.2888408298518603,0.2888408298518603,0.24870574379822447,,,1,1,0,0,0,1,arm_exhausted,10,6,4,5,8,4,,,,,
E2,sin_freq,5,ref_realamp_d1,9,1009,2009,24,rmse,0.28373523260283856,test_rmse,0.29113137495829117,0.29113137495829117,0.25254632026515245,,,1,1,0,0,0,1,arm_exhausted,10,6,4,5,8,4,,,,,
E2,sin_freq,5,ref_realamp_d2,0,1000,2000,24,rmse,0.28220955657707797,test_rmse,0.2907388329368025,0.2907388329368025,0.25959357320693405,,,1,1,0,0,0,1,arm_exhausted,19,9,8,10,14,8,,,,,
E2,sin_freq,5,ref_realamp_d2,1,1001,2001,24,rmse,0.2914477817972982,test_rmse,0.28617941068970537,0.28617941068970537,0.2550324462467204,,,1,1,0,0,0,1,arm_exhausted,19,9,8,10,14,8,,,,,
E2,sin_freq,5,ref_realamp_d2,2,1002,2002,24,rmse,0.2754727264611465,test_rmse,0.28495260595031,0.28495260595031,0.25429033487485553,,,1,1,0,0,0,1,arm_exhausted,19,9,8,10,14,8,,,,,
E2,sin_freq,5,ref_realamp_d2,3,1003,2003,24,rmse,0.29315465988307743,test_rmse,0.29104211375582245,0.29104211375582245,0.25684321558099377,,,1,1,0,0,0,1,arm_exhausted,19,9,8,10,14,8,,,,,
E2,sin_freq,5,ref_realamp_d2,4,1004,2004,24,rmse,0.2840936742432034,test_rmse,0.28510187692486566,0.28510187692486566,0.2547793007341079,,,1,1,0,0,0,1,arm_exhausted,19,9,8,10,14,8,,,,,
E2,sin_freq,5,ref_realamp_d2,5,1005,2005,24,rmse,0.277134466143583,test_rmse,0.28360021179445644,0.28360021179445644,0.25317481767535654,,,1,1,0,0,0,1,arm_exhausted,19,9,8,10,14,8,,,,,
E2,sin_freq,5,ref_realamp_d2,6,1006,2006,24,rmse,0.2813984522807056,test_rmse,0.2890027266106919,0.2890027266106919,0.25671423204892796,,,1,1,0,0,0,1,arm_exhausted,19,9,8,10,14,8,,,,,
E2,sin_freq,5,ref_realamp_d2,7,1007,2007,24,rmse,0.28293665310365,test_rmse,0.289135272853103,0.289135272853103,0.2564310059639343,,,1,1,0,0,0,1,arm_exhausted,19,9,8,10,14,8,,,,,
E2,sin_freq,5,ref_realamp_d2,8,1008,2008,24,rmse,0.2866311884251078,test_rmse,0.28259060916382905,0.28259060916382905,0.25255249801822477,,,1,1,0,0,0,1,arm_exhausted,19,9,8,10,14,8,,,,,
E2,sin_freq,5,ref_realamp_d2,9,1009,2009,24,rmse,0.28259716602983903,test_rmse,0.28438653474669034,0.28438653474669034,0.25199299181833557,,,1,1,0,0,0,1,arm_exhausted,19,9,8,10,14,8,,,,,
E2,sin_freq,5,ref_strongent_d1,0,1000,2000,24,rmse,0.23640566066922378,test_rmse,0.23767613300744242,0.23767613300744242,0.19851270238292468,,,1,1,0,0,0,1,arm_exhausted,21,9,5,15,15,12,,,,,
E2,sin_freq,5,ref_strongent_d1,1,1001,2001,24,rmse,0.23748919260697327,test_rmse,0.23343233367919408,0.23343233367919408,0.19583227792940486,,,1,1,0,0,0,1,arm_exhausted,21,9,5,15,15,12,,,,,
E2,sin_freq,5,ref_strongent_d1,2,1002,2002,24,rmse,0.2374090761806565,test_rmse,0.2365853508701684,0.2365853508701684,0.19810715102886078,,,1,1,0,0,0,1,arm_exhausted,21,9,5,15,15,12,,,,,
E2,sin_freq,5,ref_strongent_d1,3,1003,2003,24,rmse,0.2346654541740126,test_rmse,0.23475949882011846,0.23475949882011846,0.1933290620565643,,,1,1,0,0,0,1,arm_exhausted,21,9,5,15,15,12,,,,,
E2,sin_freq,5,ref_strongent_d1,4,1004,2004,24,rmse,0.24365073240979418,test_rmse,0.23573424990066014,0.23573424990066014,0.19592636490398074,,,1,1,0,0,0,1,arm_exhausted,21,9,5,15,15,12,,,,,
E2,sin_freq,5,ref_strongent_d1,5,1005,2005,24,rmse,0.24322261396073933,test_rmse,0.23884176982443234,0.23884176982443234,0.20075632694169293,,,1,1,0,0,0,1,arm_exhausted,21,9,5,15,15,12,,,,,
E2,sin_freq,5,ref_strongent_d1,6,1006,2006,24,rmse,0.2278846267650337,test_rmse,0.2397782808401963,0.2397782808401963,0.1983236954473439,,,1,1,0,0,0,1,arm_exhausted,21,9,5,15,15,12,,,,,
E2,sin_freq,5,ref_strongent_d1,7,1007,2007,24,rmse,0.2211579496886449,test_rmse,0.2354914162352728,0.2354914162352728,0.19463652188442016,,,1,1,0,0,0,1,arm_exhausted,21,9,5,15,15,12,,,,,
E2,sin_freq,5,ref_strongent_d1,8,1008,2008,24,rmse,0.2383484606512869,test_rmse,0.23705353864251752,0.23705353864251752,0.19492316801807608,,,1,1,0,0,0,1,arm_exhausted,21,9,5,15,15,12,,,,,
E2,sin_freq,5,ref_strongent_d1,9,1009,2009,24,rmse,0.23218424037062887,test_rmse,0.23859744798694837,0.23859744798694837,0.1960597731876988,,,1,1,0,0,0,1,arm_exhausted,21,9,5,15,15,12,,,,,
E2,sin_freq,5,ref_strongent_d2,0,1000,2000,24,rmse,0.15813033104941362,test_rmse,0.16610712042669482,0.16610712042669482,0.1195170261326373,,,1,1,0,0,0,1,arm_exhausted,41,17,10,30,47,29,,,,,
E2,sin_freq,5,ref_strongent_d2,1,1001,2001,24,rmse,0.1811574198548802,test_rmse,0.18049098790314702,0.18049098790314702,0.13582011919556874,,,1,1,0,0,0,1,arm_exhausted,41,17,10,30,47,29,,,,,
E2,sin_freq,5,ref_strongent_d2,2,1002,2002,24,rmse,0.18144739331294427,test_rmse,0.18064141209292106,0.18064141209292106,0.13914242238231656,,,1,1,0,0,0,1,arm_exhausted,41,17,10,30,47,29,,,,,
E2,sin_freq,5,ref_strongent_d2,3,1003,2003,24,rmse,0.17751680187917254,test_rmse,0.17401192298511448,0.17401192298511448,0.1347654699136643,,,1,1,0,0,0,1,arm_exhausted,41,17,10,30,47,29,,,,,
E2,sin_freq,5,ref_strongent_d2,4,1004,2004,24,rmse,0.17491018638590045,test_rmse,0.17181314652484617,0.17181314652484617,0.13249360083361778,,,1,1,0,0,0,1,arm_exhausted,41,17,10,30,47,29,,,,,
E2,sin_freq,5,ref_strongent_d2,5,1005,2005,24,rmse,0.19157229414821908,test_rmse,0.18433547284262938,0.18433547284262938,0.12812245187106786,,,1,1,0,0,0,1,arm_exhausted,41,17,10,30,47,29,,,,,
E2,sin_freq,5,ref_strongent_d2,6,1006,2006,24,rmse,0.17940526444275715,test_rmse,0.18743448908870794,0.18743448908870794,0.13520536266575003,,,1,1,0,0,0,1,arm_exhausted,41,17,10,30,47,29,,,,,
E2,sin_freq,5,ref_strongent_d2,7,1007,2007,24,rmse,0.17525734244567415,test_rmse,0.17962643869774456,0.17962643869774456,0.13800436963939647,,,1,1,0,0,0,1,arm_exhausted,41,17,10,30,47,29,,,,,
E2,sin_freq,5,ref_strongent_d2,8,1008,2008,24,rmse,0.19585281488361272,test_rmse,0.18972734590392037,0.18972734590392037,0.13385938125148988,,,1,1,0,0,0,1,arm_exhausted,41,17,10,30,47,29,,,,,
E2,sin_freq,5,ref_strongent_d2,9,1009,2009,24,rmse,0.16417531550085582,test_rmse,0.17707250464509852,0.17707250464509852,0.13085856969134949,,,1,1,0,0,0,1,arm_exhausted,41,17,10,30,47,29,,,,,
