arm,seed,target,prediction
random,0,0.06095809795262097,0.03901528363530116
random,0,0.2021457245611331,0.049919360836249205
random,0,0.5032563940078358,0.5397746266805628
random,0,0.6853474062529312,0.9358483769017929
random,0,0.6403855586709659,0.8419623263327713
random,0,0.36731050007048005,0.14013659613629625
random,0,0.8714860452602115,0.9891587624073562
random,0,0.7275886822586983,0.9411676478693218
random,0,0.848711610381139,0.9761515460785344
random,0,0.16962582508328683,0.05714936429114276
random,0,0.7808377844399701,0.9438262523869942
random,0,0.4957063247819693,0.5179996543675409
random,0,0.6728855699003338,0.9083229683613163
random,0,0.18518998522943286,0.053782500682831524
random,0,0.8048928900072376,0.9461300172929397
random,0,0.028598774847411468,0.03056888804692376
random,0,0.8722039729891399,0.9553617540612587
random,0,0.8643238866154643,0.9547956236921312
random,0,0.394435835388633,0.2110082016491731
random,0,0.9675412259708991,0.9236999003282985
random,0,0.6556474749930654,0.9428202049811625
random,0,0.7023283843398823,0.9072075150080964
random,0,0.6333751581847658,0.8221377509457582
random,0,0.452770606621823,0.2588295264314382
random,0,0.9244527312260029,0.9496831473110616
random,0,0.47217294916087327,0.44102466194721135
random,0,0.7508918021726254,0.945736509287413
random,0,0.10304938333766256,0.043741435540051665
random,0,0.0973644323062699,0.04382733266482958
random,0,0.7865514272339758,0.9457588897140023
random,0,0.8138075437399338,0.9453492044123499
random,0,0.9139565913949097,0.9584491172923041
random,0,0.43766973371865114,0.32948221360705543
random,0,0.8683230320429608,0.9917721599947957
random,0,0.040944864679637094,0.020708351237000933
random,0,0.4297753593010847,0.32455185360939187
random,0,0.5745374752261071,0.7388503824740729
random,0,0.1170962372237282,0.04868699415556044
random,0,0.6520408578418286,0.939420703064346
random,0,0.010655158131719022,0.022387226761526602
random,0,0.6882660850751016,0.9315337032850315
random,0,0.05235573287664508,0.03561071461089388
random,0,0.8392314362369819,0.9542405835819716
random,0,0.4038067218646003,0.1501100811405266
random,0,0.24403263384307494,0.06745111680322285
random,0,0.7603927756857521,0.9345487446058793
random,0,0.3763159002341826,0.20109602956816275
random,0,0.7750298611080119,0.9439671029303514
random,0,0.4582612618050683,0.38142849718462835
random,0,0.7696373652124059,0.9487816212332464
random,0,0.15419455616682953,0.049910378011617684
random,0,0.6216445339112716,0.8099994408897346
random,0,0.588800837596658,0.968826183475257
random,0,0.6664533904046916,0.8693029710209134
random,0,0.19583742596371212,0.049724463487755166
random,0,0.387256610436146,0.1726657194415271
random,0,0.6620227360436569,0.9226429401527289
random,0,0.6262447238197504,0.9187528760821595
random,0,0.09913510147715388,0.047508696769350656
random,0,0.65807346232278,0.941865532200597
random,0,0.6592608921622202,0.9408889407819812
random,0,0.7870611021520934,0.9548939661171838
random,0,0.6338582184990055,0.8994365355580889
random,0,0.6257021970604856,0.9624592792328619
random,0,0.9524443034567963,0.9372992824880317
random,0,0.20100576294985373,0.057880996507462146
random,0,0.7420886953005709,0.9415149349248153
random,0,0.5763019620930323,0.9436972724513281
random,0,0.7339182447922179,0.938619756682308
random,0,0.8899094069898386,0.968233023198768
random,0,0.031097370535274615,0.03274187075842944
random,0,0.43596051999649366,0.3336801105697341
random,0,0.4861432421070182,0.4269146121918983
random,0,0.5662798105549541,0.7861817011060976
random,0,0.9071909527205856,0.957528253385751
random,0,0.5174309370095999,0.5974362831004523
random,0,0.7899887993616529,0.9506588992061811
random,0,0.38360411937777905,0.09672351841895971
random,0,0.09566117905477411,0.051304338619667766
random,0,0.8458082586414112,0.986986606546274
random,0,0.7825269499717605,0.9454426281960875
random,0,0.7225287964485028,0.939786147371995
random,0,0.8046103512951227,0.9561425570781987
random,0,0.043515208739546174,0.02853462495161796
random,0,0.2577869351445796,0.01634459543404254
random,0,0.9511688127790596,0.9354898082154837
random,0,0.11289692986282207,0.045345079360410045
random,0,0.3895035113991241,0.0907841904304375
random,0,0.6605802590838916,0.9343944186933212
random,0,0.6450000593119241,0.91202882159773
random,0,3.464825801036131e-05,0.008910292220023597
random,0,0.6509212990600508,0.9372918956352501
random,0,0.3370206804119542,0.14256634933439893
random,0,0.26940317614362963,0.008865745205995978
random,0,0.24654009434397073,0.05486187751485194
random,0,0.6220411583639127,0.900258147077474
random,0,0.42738254782888374,0.12177002761327016
random,0,0.4769865674143794,0.36451975548538007
random,0,0.03327247374009201,0.03544361469347429
random,0,0.28028600313243757,0.02143239019138299
random,0,0.9202176521258146,0.9504887762012675
random,0,0.3774946946456387,0.07137799763014951
random,0,0.021156821633002032,0.03420948528736495
random,0,0.4522299259613167,0.38223661577581264
random,0,0.8718508670949766,0.9890265484960976
random,0,0.6735921703309045,0.9315322357270492
random,0,0.7015864886328611,0.9215803497238045
random,0,0.8914426635783059,0.9622492855362907
random,0,0.13377142897105476,0.04669659673341792
random,0,0.938945282508089,0.9478728080294461
random,0,0.980027269622991,0.9271290114228803
random,0,0.854807359923198,0.9518471935014441
random,0,0.29511254015746047,0.02573708190504148
random,0,0.7993281091469561,0.9428473561856541
random,0,0.7630213700006261,0.9441894580377515
random,0,0.7394233825029318,0.9381750887629048
random,0,0.6779523805220229,0.9310008004919392
random,0,0.9136274214728529,0.9484979080577813
random,0,0.7975202763955258,0.9525390131613332
random,0,0.2943481219786007,0.07288778205789154
random,0,0.3337899688285634,0.13902226805282747
random,0,0.16405868589260597,0.05078717959000789
random,0,0.5789035037378187,0.8476172047587861
random,0,0.28863331758190547,0.06117880763300826
random,0,0.549724215054049,0.764864439949739
random,0,0.8548182114883709,0.9862048019355119
random,0,0.8045562818417494,0.9690522630103608
random,0,0.4520361223291247,0.3781913963510079
random,0,0.5569707796333612,0.7150011397669181
random,0,0.17928883824941966,0.05446614738135741
random,0,0.254314973430273,0.05084482157257081
random,0,0.5156231670652135,0.6583189207394081
random,0,0.3575843421495293,0.04770837570812836
random,0,0.5009124596897242,0.5417047466065795
random,0,0.6627396333577877,0.9256145224123595
random,0,0.15202442554184625,0.049190098665854665
random,0,0.19118120141668227,0.05206400927385868
random,0,0.8643501637052111,0.9529388759169212
random,0,0.9400812327097962,0.9470380061457083
random,0,0.9791534626288091,0.9269288786555688
random,0,0.3397078408808123,0.03543921386943272
random,0,0.1295174530283234,0.05887209023321194
random,0,0.2510586183133785,0.03883989193236759
random,0,0.32263005039364345,0.06340826587438858
random,0,0.22055348834751565,0.043830247479646145
random,0,0.5244557507856386,0.6806032223310028
random,0,0.2514304515357937,0.07511220680663938
random,0,0.4262181878287349,0.28595519090047666
random,0,0.8964589320518905,0.9605056603270623
random,0,0.5754010005049592,0.8912086150020457
random,0,0.7358787240003066,0.9337044925650189
random,0,0.36872829057375545,0.10407622842080105
random,0,0.9517654013003097,0.9453465542267661
random,0,0.9207431970875114,0.9546071158074309
random,0,0.9040777223513478,0.9757828420056294
random,0,0.9065479771080421,0.9487194355521877
random,0,0.48998915805785026,0.4811370151373752
random,0,0.1316863208560276,0.052262626551539904
random,0,0.8074061469036609,0.9511286221801276
random,0,0.7908826369222599,0.9528269617206578
random,0,0.21785921892544768,0.04650109454870971
random,0,0.3478268845193908,0.08666209878063896
random,0,0.8250498426980819,0.9570098602406765
random,0,0.07549360123376037,0.04384180772034896
random,0,0.8761148679014655,0.9530971164942825
random,0,0.3120446799273172,0.09352507727894438
random,0,0.1948041309298285,0.05536745500267909
random,0,0.1372967635345016,0.057193678358022026
random,0,0.23010921794869377,0.056389650606558206
random,0,0.3663882540434378,0.15505526656968405
random,0,0.45474950610555054,0.31475270464894817
random,0,0.440114503099603,0.27234398951418104
random,0,0.3695501738180814,0.13980329415984516
random,0,0.2994920441479386,0.06614759648164897
random,0,0.8976977354716279,0.9789507154929669
random,0,0.15819168938254846,0.07839854096396798
random,0,0.588553673724974,0.8750763747103973
random,0,0.4691141571758555,0.3410986885698304
random,0,0.7163846688871913,0.9373955323990546
random,0,0.2549815513613428,0.048264164388468644
random,0,0.9640008786613024,0.938579817367133
random,0,0.4733205620057118,0.436555497392219
random,0,0.9887417517103044,0.9375938474753879
random,0,0.8322147734935984,0.9805295548994553
random,0,0.3432203524281501,0.08300044248277416
random,0,0.37903622685008376,0.19414692982288362
random,0,0.23029744698094012,0.04057599969367337
random,0,0.549964055083815,0.6811845541336944
random,0,0.2147455630838937,0.05743693361325647
random,0,0.951428393256186,0.9352471492900135
random,0,0.4632708828936548,0.3063982703297724
random,0,0.24446887383047378,0.03185899291770683
random,0,0.39434279303404585,0.13370842638497626
random,0,0.8265823302899815,0.9631809183265807
random,0,0.94866060009756,0.9459650320428612
random,0,0.597440653510184,0.8113832968681838
random,0,0.7789160132195122,0.9408213680464866
random,0,0.46776557180036293,0.3492014405707871
random,0,0.8362427172715995,0.9575933523804324
random,0,0.1748853962388066,0.050820942477993514
llm_open_loop,0,0.06095809795262097,0.07481109039687434
llm_open_loop,0,0.2021457245611331,0.08942540657968806
llm_open_loop,0,0.5032563940078358,0.3487512964278592
llm_open_loop,0,0.6853474062529312,0.8538040939315819
llm_open_loop,0,0.6403855586709659,0.7354699878314879
llm_open_loop,0,0.36731050007048005,0.07304695292919916
llm_open_loop,0,0.8714860452602115,0.8479663387881885
llm_open_loop,0,0.7275886822586983,0.9009363514256581
llm_open_loop,0,0.848711610381139,0.8815428378018147
llm_open_loop,0,0.16962582508328683,0.08573003331286577
llm_open_loop,0,0.7808377844399701,0.9511243399170737
llm_open_loop,0,0.4957063247819693,0.373263830491682
llm_open_loop,0,0.6728855699003338,0.8227938160572883
llm_open_loop,0,0.18518998522943286,0.02848385351474636
llm_open_loop,0,0.8048928900072376,0.9621491714651176
llm_open_loop,0,0.028598774847411468,0.13167425176227376
llm_open_loop,0,0.8722039729891399,0.946117708415602
llm_open_loop,0,0.8643238866154643,0.9507245394898469
llm_open_loop,0,0.394435835388633,0.10817438534466195
llm_open_loop,0,0.9675412259708991,0.8320527006684466
llm_open_loop,0,0.6556474749930654,0.8281085985175953
llm_open_loop,0,0.7023283843398823,0.8684256193454001
llm_open_loop,0,0.6333751581847658,0.7209843956500988
llm_open_loop,0,0.452770606621823,0.24588497911879464
llm_open_loop,0,0.9244527312260029,0.9290852471526901
llm_open_loop,0,0.47217294916087327,0.2660824375664271
llm_open_loop,0,0.7508918021726254,0.9228126184647407
llm_open_loop,0,0.10304938333766256,0.04671872397565641
llm_open_loop,0,0.0973644323062699,0.057288253495914376
llm_open_loop,0,0.7865514272339758,0.9526708820459966
llm_open_loop,0,0.8138075437399338,0.968951892504601
llm_open_loop,0,0.9139565913949097,0.8753696791380711
llm_open_loop,0,0.43766973371865114,0.1833469910975904
llm_open_loop,0,0.8683230320429608,0.8395622208661724
llm_open_loop,0,0.040944864679637094,0.16569968796139134
llm_open_loop,0,0.4297753593010847,0.17849404603706998
llm_open_loop,0,0.5745374752261071,0.5649007554676334
llm_open_loop,0,0.1170962372237282,0.06812324004663572
llm_open_loop,0,0.6520408578418286,0.8188010112801589
llm_open_loop,0,0.010655158131719022,0.1484000537457938
llm_open_loop,0,0.6882660850751016,0.8563673804458615
llm_open_loop,0,0.05235573287664508,0.1455884791458512
llm_open_loop,0,0.8392314362369819,0.9580975002714118
llm_open_loop,0,0.4038067218646003,0.13028699531793891
llm_open_loop,0,0.24403263384307494,0.02345744682286821
llm_open_loop,0,0.7603927756857521,0.937799788906423
llm_open_loop,0,0.3763159002341826,0.09176002987293624
llm_open_loop,0,0.7750298611080119,0.8470469931341854
llm_open_loop,0,0.4582612618050683,0.23061160883765852
llm_open_loop,0,0.7696373652124059,0.9425604347330186
llm_open_loop,0,0.15419455616682953,0.05350224905127832
llm_open_loop,0,0.6216445339112716,0.6914678480064762
llm_open_loop,0,0.588800837596658,0.7922602170631483
llm_open_loop,0,0.6664533904046916,0.795524789643416
llm_open_loop,0,0.19583742596371212,0.032469085285355304
llm_open_loop,0,0.387256610436146,0.09952521630527916
llm_open_loop,0,0.6620227360436569,0.8159539125583153
llm_open_loop,0,0.6262447238197504,0.7636296869765027
llm_open_loop,0,0.09913510147715388,0.08926625118361375
llm_open_loop,0,0.65807346232278,0.8328860317663455
llm_open_loop,0,0.6592608921622202,0.8284651540592334
llm_open_loop,0,0.7870611021520934,0.8678692566845734
llm_open_loop,0,0.6338582184990055,0.756492426909634
llm_open_loop,0,0.6257021970604856,0.8115512979730233
llm_open_loop,0,0.9524443034567963,0.840014374119102
llm_open_loop,0,0.20100576294985373,0.02401909481343062
llm_open_loop,0,0.7420886953005709,0.920268685525129
llm_open_loop,0,0.5763019620930323,0.7627951336010811
llm_open_loop,0,0.7339182447922179,0.9088008140467227
llm_open_loop,0,0.8899094069898386,0.8761710409969523
llm_open_loop,0,0.031097370535274615,0.11963209375888306
llm_open_loop,0,0.43596051999649366,0.18760302911854443
llm_open_loop,0,0.4861432421070182,0.38204068844621286
llm_open_loop,0,0.5662798105549541,0.5904869235270191
llm_open_loop,0,0.9071909527205856,0.8974473735669605
llm_open_loop,0,0.5174309370095999,0.40192726085469466
llm_open_loop,0,0.7899887993616529,0.9529398498299261
llm_open_loop,0,0.38360411937777905,0.11492931734198664
llm_open_loop,0,0.09566117905477411,0.10479879090528432
llm_open_loop,0,0.8458082586414112,0.8538537219810083
llm_open_loop,0,0.7825269499717605,0.9510853541355584
llm_open_loop,0,0.7225287964485028,0.8961882140790958
llm_open_loop,0,0.8046103512951227,0.9430415362380744
llm_open_loop,0,0.043515208739546174,0.15506358293393052
llm_open_loop,0,0.2577869351445796,0.14839166434534723
llm_open_loop,0,0.9511688127790596,0.8370972098266544
llm_open_loop,0,0.11289692986282207,0.054328409946947986
llm_open_loop,0,0.3895035113991241,0.13665299651440582
llm_open_loop,0,0.6605802590838916,0.8250851701082269
llm_open_loop,0,0.6450000593119241,0.7841810223980299
llm_open_loop,0,3.464825801036131e-05,0.1677481320555479
llm_open_loop,0,0.6509212990600508,0.8137825722991564
llm_open_loop,0,0.3370206804119542,0.05700612297286056
llm_open_loop,0,0.26940317614362963,0.15637961540735934
llm_open_loop,0,0.24654009434397073,0.030714879484671387
llm_open_loop,0,0.6220411583639127,0.7356382398022324
llm_open_loop,0,0.42738254782888374,0.17692445475390906
llm_open_loop,0,0.4769865674143794,0.33661523921503694
llm_open_loop,0,0.03327247374009201,0.09107962322106283
llm_open_loop,0,0.28028600313243757,0.11755266026639716
llm_open_loop,0,0.9202176521258146,0.9333634536259866
llm_open_loop,0,0.3774946946456387,0.13492755032785309
llm_open_loop,0,0.021156821633002032,0.07758561388622276
llm_open_loop,0,0.4522299259613167,0.22044676925188111
llm_open_loop,0,0.8718508670949766,0.8459779320805432
llm_open_loop,0,0.6735921703309045,0.8407351114459309
llm_open_loop,0,0.7015864886328611,0.8697997130758996
llm_open_loop,0,0.8914426635783059,0.9007500279016598
llm_open_loop,0,0.13377142897105476,0.04400873190777743
llm_open_loop,0,0.938945282508089,0.9262838491232808
llm_open_loop,0,0.980027269622991,0.8462974985030469
llm_open_loop,0,0.854807359923198,0.9621772454180684
llm_open_loop,0,0.29511254015746047,0.10611003449921402
llm_open_loop,0,0.7993281091469561,0.9617008705229183
llm_open_loop,0,0.7630213700006261,0.9357843121007183
llm_open_loop,0,0.7394233825029318,0.9200711384022022
llm_open_loop,0,0.6779523805220229,0.8432749880518535
llm_open_loop,0,0.9136274214728529,0.9546170560876135
llm_open_loop,0,0.7975202763955258,0.9491036724570706
llm_open_loop,0,0.2943481219786007,0.032843107336159805
llm_open_loop,0,0.3337899688285634,0.05490072510569144
llm_open_loop,0,0.16405868589260597,0.02921186939830628
llm_open_loop,0,0.5789035037378187,0.6540042595909419
llm_open_loop,0,0.28863331758190547,0.03792847790394721
llm_open_loop,0,0.549724215054049,0.5728460389529203
llm_open_loop,0,0.8548182114883709,0.8583865384557967
llm_open_loop,0,0.8045562818417494,0.8526311377233591
llm_open_loop,0,0.4520361223291247,0.21777620637268535
llm_open_loop,0,0.5569707796333612,0.5189348785932448
llm_open_loop,0,0.17928883824941966,0.07995754849639886
llm_open_loop,0,0.254314973430273,0.03371062561934207
llm_open_loop,0,0.5156231670652135,0.5351412930703349
llm_open_loop,0,0.3575843421495293,0.1517652332295676
llm_open_loop,0,0.5009124596897242,0.3738881159441459
llm_open_loop,0,0.6627396333577877,0.8168393987906541
llm_open_loop,0,0.15202442554184625,0.04799213027738475
llm_open_loop,0,0.19118120141668227,0.03041144373383542
llm_open_loop,0,0.8643501637052111,0.957685610496016
llm_open_loop,0,0.9400812327097962,0.9199134818481676
llm_open_loop,0,0.9791534626288091,0.8368348389560528
llm_open_loop,0,0.3397078408808123,0.13300911416017858
llm_open_loop,0,0.1295174530283234,0.10275077607531785
llm_open_loop,0,0.2510586183133785,0.070349221813572
llm_open_loop,0,0.32263005039364345,0.06013076289661273
llm_open_loop,0,0.22055348834751565,0.08106349205869273
llm_open_loop,0,0.5244557507856386,0.5156515964115147
llm_open_loop,0,0.2514304515357937,0.023298041408188974
llm_open_loop,0,0.4262181878287349,0.15898072097840404
llm_open_loop,0,0.8964589320518905,0.9014873220874697
llm_open_loop,0,0.5754010005049592,0.7049062374716984
llm_open_loop,0,0.7358787240003066,0.8786923929462346
llm_open_loop,0,0.36872829057375545,0.08645174980499815
llm_open_loop,0,0.9517654013003097,0.9275765410463425
llm_open_loop,0,0.9207431970875114,0.8868292495711777
llm_open_loop,0,0.9040777223513478,0.8431467192674595
llm_open_loop,0,0.9065479771080421,0.9568808071284434
llm_open_loop,0,0.48998915805785026,0.3862429284473955
llm_open_loop,0,0.1316863208560276,0.07646127691271348
llm_open_loop,0,0.8074061469036609,0.9566536665299874
llm_open_loop,0,0.7908826369222599,0.9411669361568458
llm_open_loop,0,0.21785921892544768,0.05864826534032519
llm_open_loop,0,0.3478268845193908,0.06941239236202962
llm_open_loop,0,0.8250498426980819,0.9484243201526654
llm_open_loop,0,0.07549360123376037,0.09469057411182635
llm_open_loop,0,0.8761148679014655,0.9525296910130228
llm_open_loop,0,0.3120446799273172,0.038150312889975946
llm_open_loop,0,0.1948041309298285,0.11255220237567365
llm_open_loop,0,0.1372967635345016,0.08637488151832984
llm_open_loop,0,0.23010921794869377,0.02542778890405417
llm_open_loop,0,0.3663882540434378,0.07312701329212051
llm_open_loop,0,0.45474950610555054,0.2407085592619868
llm_open_loop,0,0.440114503099603,0.19619624594690482
llm_open_loop,0,0.3695501738180814,0.07771417326825181
llm_open_loop,0,0.2994920441479386,0.037753163996747274
llm_open_loop,0,0.8976977354716279,0.84612829876248
llm_open_loop,0,0.15819168938254846,0.1456273278341882
llm_open_loop,0,0.588553673724974,0.6842775285751436
llm_open_loop,0,0.4691141571758555,0.2992156055106584
llm_open_loop,0,0.7163846688871913,0.8928676990909
llm_open_loop,0,0.2549815513613428,0.040440982782016854
llm_open_loop,0,0.9640008786613024,0.8576229707855674
llm_open_loop,0,0.4733205620057118,0.26460865898790686
llm_open_loop,0,0.9887417517103044,0.8762970422444697
llm_open_loop,0,0.8322147734935984,0.8608668491906859
llm_open_loop,0,0.3432203524281501,0.06570595221769521
llm_open_loop,0,0.37903622685008376,0.09115248162791123
llm_open_loop,0,0.23029744698094012,0.08585471530524419
llm_open_loop,0,0.549964055083815,0.48998642350293486
llm_open_loop,0,0.2147455630838937,0.02462391592776353
llm_open_loop,0,0.951428393256186,0.8330235463206237
llm_open_loop,0,0.4632708828936548,0.2755527892424797
llm_open_loop,0,0.24446887383047378,0.11440649737335878
llm_open_loop,0,0.39434279303404585,0.11790750243055315
llm_open_loop,0,0.8265823302899815,0.9184282511548693
llm_open_loop,0,0.94866060009756,0.8919820229950253
llm_open_loop,0,0.597440653510184,0.6436209403650007
llm_open_loop,0,0.7789160132195122,0.9494444160471861
llm_open_loop,0,0.46776557180036293,0.2923476724387546
llm_open_loop,0,0.8362427172715995,0.9473325469755997
llm_open_loop,0,0.1748853962388066,0.05650292995548384
llm_closed_loop,0,0.06095809795262097,0.1939170382277604
llm_closed_loop,0,0.2021457245611331,0.23072072932165333
llm_closed_loop,0,0.5032563940078358,0.44228041818412256
llm_closed_loop,0,0.6853474062529312,0.7187477212294915
llm_closed_loop,0,0.6403855586709659,0.7405978432186726
llm_closed_loop,0,0.36731050007048005,0.2465729249962712
llm_closed_loop,0,0.8714860452602115,0.6621528505883167
llm_closed_loop,0,0.7275886822586983,0.7978258989293727
llm_closed_loop,0,0.848711610381139,0.719691636772246
llm_closed_loop,0,0.16962582508328683,0.22060908717052685
llm_closed_loop,0,0.7808377844399701,0.8851737969394503
llm_closed_loop,0,0.4957063247819693,0.4418533941902311
llm_closed_loop,0,0.6728855699003338,0.7688194203833745
llm_closed_loop,0,0.18518998522943286,0.13175408582337877
llm_closed_loop,0,0.8048928900072376,0.8945059887917879
llm_closed_loop,0,0.028598774847411468,0.2966149338076912
llm_closed_loop,0,0.8722039729891399,0.8310331631462891
llm_closed_loop,0,0.8643238866154643,0.8414653633117343
llm_closed_loop,0,0.394435835388633,0.2787660835890842
llm_closed_loop,0,0.9675412259708991,0.6247499263994143
llm_closed_loop,0,0.6556474749930654,0.6582966399130136
llm_closed_loop,0,0.7023283843398823,0.8427517375675869
llm_closed_loop,0,0.6333751581847658,0.7448429339761777
llm_closed_loop,0,0.452770606621823,0.40276054431072456
llm_closed_loop,0,0.9244527312260029,0.7971176774562314
llm_closed_loop,0,0.47217294916087327,0.3949358045822351
llm_closed_loop,0,0.7508918021726254,0.8227738880330207
llm_closed_loop,0,0.10304938333766256,0.15269583551260724
llm_closed_loop,0,0.0973644323062699,0.16599527215155074
llm_closed_loop,0,0.7865514272339758,0.8837015852581102
llm_closed_loop,0,0.8138075437399338,0.8990840324890157
llm_closed_loop,0,0.9139565913949097,0.7033449519369758
llm_closed_loop,0,0.43766973371865114,0.3352192792303784
llm_closed_loop,0,0.8683230320429608,0.6523011345969264
llm_closed_loop,0,0.040944864679637094,0.36081321613141704
llm_closed_loop,0,0.4297753593010847,0.3366618842081598
llm_closed_loop,0,0.5745374752261071,0.6017288580441109
llm_closed_loop,0,0.1170962372237282,0.18685698628894964
llm_closed_loop,0,0.6520408578418286,0.6739258119800865
llm_closed_loop,0,0.010655158131719022,0.32590076292442904
llm_closed_loop,0,0.6882660850751016,0.6896550967515309
llm_closed_loop,0,0.05235573287664508,0.3222138601026936
llm_closed_loop,0,0.8392314362369819,0.8612265551589936
llm_closed_loop,0,0.4038067218646003,0.3247083928643111
llm_closed_loop,0,0.24403263384307494,0.141339688411511
llm_closed_loop,0,0.7603927756857521,0.8887186650602509
llm_closed_loop,0,0.3763159002341826,0.2544885970322074
llm_closed_loop,0,0.7750298611080119,0.6564409631499294
llm_closed_loop,0,0.4582612618050683,0.36929819269956166
llm_closed_loop,0,0.7696373652124059,0.8560606331638002
llm_closed_loop,0,0.15419455616682953,0.16478856081598692
llm_closed_loop,0,0.6216445339112716,0.7154083556476168
llm_closed_loop,0,0.588800837596658,0.6205276854857618
llm_closed_loop,0,0.6664533904046916,0.7932350339748574
llm_closed_loop,0,0.19583742596371212,0.13706471200251336
llm_closed_loop,0,0.387256610436146,0.2782817358168398
llm_closed_loop,0,0.6620227360436569,0.720643993528301
llm_closed_loop,0,0.6262447238197504,0.6522248974267894
llm_closed_loop,0,0.09913510147715388,0.215287860124795
llm_closed_loop,0,0.65807346232278,0.6567067069419197
llm_closed_loop,0,0.6592608921622202,0.6604214356015524
llm_closed_loop,0,0.7870611021520934,0.695766422733288
llm_closed_loop,0,0.6338582184990055,0.6784424398662767
llm_closed_loop,0,0.6257021970604856,0.6337335378441766
llm_closed_loop,0,0.9524443034567963,0.6412085957439095
llm_closed_loop,0,0.20100576294985373,0.13122583732251247
llm_closed_loop,0,0.7420886953005709,0.8432043805305351
llm_closed_loop,0,0.5763019620930323,0.6075631174387643
llm_closed_loop,0,0.7339182447922179,0.8338197642189547
llm_closed_loop,0,0.8899094069898386,0.7081900790066296
llm_closed_loop,0,0.031097370535274615,0.2752151219376023
llm_closed_loop,0,0.43596051999649366,0.34392425887477207
llm_closed_loop,0,0.4861432421070182,0.4582519043308685
llm_closed_loop,0,0.5662798105549541,0.5606390568328042
llm_closed_loop,0,0.9071909527205856,0.7416384052516156
llm_closed_loop,0,0.5174309370095999,0.46663094983050435
llm_closed_loop,0,0.7899887993616529,0.8711085200172471
llm_closed_loop,0,0.38360411937777905,0.31698939774689333
llm_closed_loop,0,0.09566117905477411,0.2529876727953823
llm_closed_loop,0,0.8458082586414112,0.674093144708834
llm_closed_loop,0,0.7825269499717605,0.8851909186379378
llm_closed_loop,0,0.7225287964485028,0.7974891111624788
llm_closed_loop,0,0.8046103512951227,0.8380976744071604
llm_closed_loop,0,0.043515208739546174,0.3397073258232366
llm_closed_loop,0,0.2577869351445796,0.3310978950340531
llm_closed_loop,0,0.9511688127790596,0.6344505637251943
llm_closed_loop,0,0.11289692986282207,0.1620529582723758
llm_closed_loop,0,0.3895035113991241,0.3446823639386385
llm_closed_loop,0,0.6605802590838916,0.6980655839758219
llm_closed_loop,0,0.6450000593119241,0.6963145713161307
llm_closed_loop,0,3.464825801036131e-05,0.3612721796180558
llm_closed_loop,0,0.6509212990600508,0.6740086074391312
llm_closed_loop,0,0.3370206804119542,0.21107646896607013
llm_closed_loop,0,0.26940317614362963,0.3432362630075931
llm_closed_loop,0,0.24654009434397073,0.15471834566576087
llm_closed_loop,0,0.6220411583639127,0.6429796056496082
llm_closed_loop,0,0.42738254782888374,0.3815714619630499
llm_closed_loop,0,0.4769865674143794,0.44107404182514326
llm_closed_loop,0,0.03327247374009201,0.2222451411532561
llm_closed_loop,0,0.28028600313243757,0.2858278235921933
llm_closed_loop,0,0.9202176521258146,0.8038126815521054
llm_closed_loop,0,0.3774946946456387,0.3411046283367235
llm_closed_loop,0,0.021156821633002032,0.1980682668771191
llm_closed_loop,0,0.4522299259613167,0.3639987777041109
llm_closed_loop,0,0.8718508670949766,0.6606686188319667
llm_closed_loop,0,0.6735921703309045,0.6544058548400766
llm_closed_loop,0,0.7015864886328611,0.8164262534950215
llm_closed_loop,0,0.8914426635783059,0.7473987991767159
llm_closed_loop,0,0.13377142897105476,0.14741411415816064
llm_closed_loop,0,0.938945282508089,0.789930191127975
llm_closed_loop,0,0.980027269622991,0.6465802943914459
llm_closed_loop,0,0.854807359923198,0.8690318742357424
llm_closed_loop,0,0.29511254015746047,0.27372534331029497
llm_closed_loop,0,0.7993281091469561,0.903384743964308
llm_closed_loop,0,0.7630213700006261,0.862116974222379
llm_closed_loop,0,0.7394233825029318,0.8545940252614797
llm_closed_loop,0,0.6779523805220229,0.6606308580543657
llm_closed_loop,0,0.9136274214728529,0.8438480465708031
llm_closed_loop,0,0.7975202763955258,0.856708776274683
llm_closed_loop,0,0.2943481219786007,0.17431857959261454
llm_closed_loop,0,0.3337899688285634,0.20625662218346497
llm_closed_loop,0,0.16405868589260597,0.13092833655914127
llm_closed_loop,0,0.5789035037378187,0.5811623911787931
llm_closed_loop,0,0.28863331758190547,0.18133107181760943
llm_closed_loop,0,0.549724215054049,0.536315361632736
llm_closed_loop,0,0.8548182114883709,0.6789540989270165
llm_closed_loop,0,0.8045562818417494,0.669501496335069
llm_closed_loop,0,0.4520361223291247,0.3627689053027881
llm_closed_loop,0,0.5569707796333612,0.5472806608551845
llm_closed_loop,0,0.17928883824941966,0.21240419656709808
llm_closed_loop,0,0.254314973430273,0.15850701953117313
llm_closed_loop,0,0.5156231670652135,0.5161175507234749
llm_closed_loop,0,0.3575843421495293,0.3551388023226984
llm_closed_loop,0,0.5009124596897242,0.4457198213876023
llm_closed_loop,0,0.6627396333577877,0.7151259610773655
llm_closed_loop,0,0.15202442554184625,0.1567460538320249
llm_closed_loop,0,0.19118120141668227,0.13709127653760544
llm_closed_loop,0,0.8643501637052111,0.8565324641388032
llm_closed_loop,0,0.9400812327097962,0.7818785198018539
llm_closed_loop,0,0.9791534626288091,0.6359848782741235
llm_closed_loop,0,0.3397078408808123,0.3251578519992115
llm_closed_loop,0,0.1295174530283234,0.24641286616396485
llm_closed_loop,0,0.2510586183133785,0.21331524670056878
llm_closed_loop,0,0.32263005039364345,0.226701109634444
llm_closed_loop,0,0.22055348834751565,0.21998401570035742
llm_closed_loop,0,0.5244557507856386,0.5013822684078951
llm_closed_loop,0,0.2514304515357937,0.14383884783522405
llm_closed_loop,0,0.4262181878287349,0.32113397945528377
llm_closed_loop,0,0.8964589320518905,0.7477048205191152
llm_closed_loop,0,0.5754010005049592,0.589119289424756
llm_closed_loop,0,0.7358787240003066,0.7194286799388947
llm_closed_loop,0,0.36872829057375545,0.27426746871309504
llm_closed_loop,0,0.9517654013003097,0.7939256128062067
llm_closed_loop,0,0.9207431970875114,0.7226388201838397
llm_closed_loop,0,0.9040777223513478,0.6534739598704243
llm_closed_loop,0,0.9065479771080421,0.8502733259466547
llm_closed_loop,0,0.48998915805785026,0.45325320704055316
llm_closed_loop,0,0.1316863208560276,0.2026966998177519
llm_closed_loop,0,0.8074061469036609,0.8726592411056613
llm_closed_loop,0,0.7908826369222599,0.839504381567764
llm_closed_loop,0,0.21785921892544768,0.18421912972288562
llm_closed_loop,0,0.3478268845193908,0.2482272154006973
llm_closed_loop,0,0.8250498426980819,0.8421647449092116
llm_closed_loop,0,0.07549360123376037,0.23377432005891424
llm_closed_loop,0,0.8761148679014655,0.8470588224842468
llm_closed_loop,0,0.3120446799273172,0.18700437742289383
llm_closed_loop,0,0.1948041309298285,0.2715604066505565
llm_closed_loop,0,0.1372967635345016,0.22250313403490074
llm_closed_loop,0,0.23010921794869377,0.14002553211796132
llm_closed_loop,0,0.3663882540434378,0.24189539708880364
llm_closed_loop,0,0.45474950610555054,0.3869487674025426
llm_closed_loop,0,0.440114503099603,0.3595809202125877
llm_closed_loop,0,0.3695501738180814,0.25415660708499593
llm_closed_loop,0,0.2994920441479386,0.18317762211828892
llm_closed_loop,0,0.8976977354716279,0.654981471393658
llm_closed_loop,0,0.15819168938254846,0.33620033607832644
llm_closed_loop,0,0.588553673724974,0.5938981034816622
llm_closed_loop,0,0.4691141571758555,0.4221631415475651
llm_closed_loop,0,0.7163846688871913,0.8044884437718129
llm_closed_loop,0,0.2549815513613428,0.1706518827064526
llm_closed_loop,0,0.9640008786613024,0.6694983786417187
llm_closed_loop,0,0.4733205620057118,0.39408158663242415
llm_closed_loop,0,0.9887417517103044,0.7041404511315005
llm_closed_loop,0,0.8322147734935984,0.686184175155062
llm_closed_loop,0,0.3432203524281501,0.24079281302587086
llm_closed_loop,0,0.37903622685008376,0.2570320178475548
llm_closed_loop,0,0.23029744698094012,0.22990658021210592
llm_closed_loop,0,0.549964055083815,0.541406152630427
llm_closed_loop,0,0.2147455630838937,0.1349276792416903
llm_closed_loop,0,0.951428393256186,0.6300521827229968
llm_closed_loop,0,0.4632708828936548,0.4119006731546587
llm_closed_loop,0,0.24446887383047378,0.2765602813711576
llm_closed_loop,0,0.39434279303404585,0.31191294108362455
llm_closed_loop,0,0.8265823302899815,0.785773045838711
llm_closed_loop,0,0.94866060009756,0.729938262600743
llm_closed_loop,0,0.597440653510184,0.6343457104245569
llm_closed_loop,0,0.7789160132195122,0.8919419323072696
llm_closed_loop,0,0.46776557180036293,0.41652283256790334
llm_closed_loop,0,0.8362427172715995,0.837235516314597
llm_closed_loop,0,0.1748853962388066,0.17171729361055726
random,1,0.8188705087977362,0.607574294316391
random,1,0.6037532331988386,0.6049070204916731
random,1,0.6350877361596641,0.6471631703949509
random,1,0.8397670804096422,0.6198270395344161
random,1,0.8428305466323297,0.6169156501827754
random,1,0.8554683125371869,0.6297427210918181
random,1,0.0513302270885263,0.3909829452930489
random,1,0.8269155376935201,0.6204683367338177
random,1,0.11686278911903447,0.39270033606437177
random,1,0.2892667762226634,0.3896200563269557
random,1,0.3939842318344495,0.3962734043274817
random,1,0.5827810764229308,0.6043601308582867
random,1,0.5374599887929776,0.5571932386914997
random,1,0.8729759304980812,0.6118118062961624
random,1,0.7292730591022846,0.6232688833462439
random,1,0.8218542742179055,0.6409311036616672
random,1,0.6391462119159548,0.6642222245587766
random,1,0.20882028295874944,0.3935870305231757
random,1,0.08620168644767945,0.38793495591453664
random,1,0.4899095607331244,0.48794223130272507
random,1,0.06005639334774837,0.38891251769261714
random,1,0.7989231467318147,0.6465226873668193
random,1,0.999928327323938,0.6086220486216647
random,1,0.3359777569144409,0.4411405894950035
random,1,0.18821172605363423,0.3856953831711002
random,1,0.8276485550621163,0.6098473709655217
random,1,0.09248188393051116,0.3954169890293227
random,1,0.00849323838581073,0.3893974811544588
random,1,0.4144371034019141,0.40355597033063234
random,1,0.5852661200416163,0.589374914558371
random,1,0.27184784545065,0.39947980323793353
random,1,0.12153747322702058,0.41137605669519905
random,1,0.10618469212615034,0.39173854376152567
random,1,0.7791325646752297,0.6514113217182662
random,1,0.9446097177018765,0.6086513732690075
random,1,0.4570594335024645,0.4893262662130273
random,1,0.5849188854419423,0.5892217527049202
random,1,0.6263278748713229,0.6605146201513431
random,1,0.7372295047263895,0.6598210979962045
random,1,0.8425459890142982,0.6104686649603609
random,1,0.16845532306782496,0.38759642582269
random,1,0.881919844959183,0.6263223128269286
random,1,0.8047421472659435,0.6083964987892643
random,1,0.9793303635747482,0.6125952347957329
random,1,0.32912557533537823,0.3946788676009239
random,1,0.048133486105722545,0.39171026066108566
random,1,0.07312097013650087,0.4109716191365882
random,1,0.9449178458236414,0.6092686340968161
random,1,0.22032473856220347,0.4264560585283028
random,1,0.8574977081213879,0.6202165044088721
random,1,0.18512161133396643,0.416996249264697
random,1,0.46424927271919825,0.5108452234175902
random,1,0.2784010093878745,0.39078133846449503
random,1,0.7167129279046542,0.6264863184645838
random,1,0.11961816086821042,0.39778067335256967
random,1,0.1319628497498343,0.39838267547848494
random,1,0.21615944031815626,0.41084918646414526
random,1,0.00671070372978555,0.3982736929365289
random,1,0.9694868142842428,0.6157350383179544
random,1,0.7003391793171592,0.6713073847627653
random,1,0.8001852262878383,0.6105962974530007
random,1,0.43565855454910407,0.43160872522756066
random,1,0.4187500329109638,0.5204352793937641
random,1,0.6819209664763901,0.6039455732681086
random,1,0.4386488392909712,0.42317321249586054
random,1,0.9128243768214149,0.6159087860200956
random,1,0.6731261356560617,0.625170621721731
random,1,0.27951083948410405,0.47091411787739595
random,1,0.9480369564251416,0.6143818881326533
random,1,0.5901189392431809,0.6007224485007788
random,1,0.19126412057019704,0.39023611498487043
random,1,0.1612826150814024,0.3883118863608056
random,1,0.4209329293361821,0.4650716610074478
random,1,0.6663722101195654,0.6108398432813925
random,1,0.3521413041651317,0.39765429336887437
random,1,0.9367533809551085,0.6145109893584857
random,1,0.8955571824361769,0.6155100257890421
random,1,0.6508150339515245,0.6355018380361582
random,1,0.7597365380320885,0.6614173764023838
random,1,0.5993329771790369,0.6118833883719499
random,1,0.5586663015189062,0.6225039596128603
random,1,0.7762655054031332,0.6549986905081164
random,1,0.6374002170379321,0.632089186658326
random,1,0.4465795393473926,0.44576306829832124
random,1,0.5937477636863974,0.6237640428299956
random,1,0.3340447441956079,0.42039060082789453
random,1,0.45596153266160677,0.42450959046300063
random,1,0.6084303919839109,0.6049131056663135
random,1,0.3902037082929376,0.39673731181190675
random,1,0.0001556619142959459,0.39265496778363507
random,1,0.48052061920709854,0.5703397970156163
random,1,0.8487855934298183,0.6116334350105526
random,1,0.00778132287045008,0.39552242959554573
random,1,0.27874336903249686,0.4403520582772766
random,1,0.9191970327640112,0.6127879537658238
random,1,0.11032175598924787,0.3960923354841222
random,1,0.9983493986001263,0.6156424893679451
random,1,0.066025694564263,0.39896321272222796
random,1,0.13188037425318555,0.3912352340809466
random,1,0.6104093959599585,0.6060574046690205
random,1,0.7771479690942122,0.6211495154522251
random,1,0.2783242655545457,0.4411772125267356
random,1,0.9173207854441626,0.6143188938697862
random,1,0.1367897044460834,0.39081698342608884
random,1,0.9201151175401067,0.6100442131391071
random,1,0.4192338643589788,0.4941575659791299
random,1,0.21304593392048987,0.42399364929177696
random,1,0.42500968944278184,0.41619966743711967
random,1,0.0208213340499368,0.3866284207174526
random,1,0.6931386539005571,0.6148871598672125
random,1,0.07645175238524748,0.38940447736891887
random,1,0.14291988727835958,0.3915870529323294
random,1,0.9583105623269874,0.6094641444913829
random,1,0.8802150334225088,0.610104302906507
random,1,0.47911060443526343,0.4595776631246231
random,1,0.5435416149522322,0.579635179627444
random,1,0.6421761378083951,0.6124308128702309
random,1,0.5008341933853026,0.5858451407895888
random,1,0.07389909571106079,0.3923001569721775
random,1,0.06911494226879222,0.4008475448726229
random,1,0.6507339042132598,0.6062583889482902
random,1,0.09119110588520252,0.39044161448330794
random,1,0.7759817333346487,0.6486180283944689
random,1,0.14506402840185495,0.3877068576780827
random,1,0.8415280918310651,0.612145044544566
random,1,0.3359882235957792,0.4839117161502663
random,1,0.3031336166409845,0.39567414589367156
random,1,0.20184342633898755,0.39311522146991673
random,1,0.3948263274447963,0.40423764560558195
random,1,0.050488272235854614,0.3883102029573684
random,1,0.8871551111924519,0.6119945013336687
random,1,0.966700349689005,0.6114666636502288
random,1,0.8375166916431854,0.6158984563427703
random,1,0.8344747978213805,0.6349105724721413
random,1,0.6188084133113967,0.6532786083246677
random,1,0.7849323018023778,0.6633210793550361
random,1,0.915977837465344,0.6147070132902442
random,1,0.1405702564509833,0.3934239123868336
random,1,0.6520094133509744,0.6094148794068607
random,1,0.0022254944385128317,0.39357185488766755
random,1,0.0636928946355938,0.38876811594719557
random,1,0.48073424342609083,0.5199707258203171
random,1,0.7718940325463441,0.6107382951576685
random,1,0.2966949995385837,0.4636848053264064
random,1,0.7168454969746565,0.6123039654353849
random,1,0.7200099826767217,0.6134882934592288
random,1,0.5126846451493827,0.5991806453556884
random,1,0.9698279017900501,0.6091196885190763
random,1,0.6950737583694133,0.6146138488295351
random,1,0.5272091984112133,0.5341083420284406
random,1,0.03615142457470388,0.40191903565430287
random,1,0.6416864307585411,0.6141843835676166
random,1,0.34979967946596746,0.46936582872642285
random,1,0.0023664316201804647,0.3903481160405568
random,1,0.5306714034773281,0.54356835044807
random,1,0.13745790610736852,0.3898552338688721
random,1,0.6344167254888649,0.6058457774020505
random,1,0.33297518437991624,0.3954678644907511
random,1,0.21770910534639631,0.40730546573822823
random,1,0.04062617308171668,0.39281121059576435
random,1,0.6520750974702149,0.6766344743901136
random,1,0.8478446626687092,0.6397600973722323
random,1,0.04727587348269502,0.3907422358548976
random,1,0.35606846690709726,0.4578079229746448
random,1,0.774587833002344,0.6095294445221192
random,1,0.7096546950518942,0.6347481509849313
random,1,0.2247287124499937,0.39218851192654247
random,1,0.05935671417999988,0.38664107071908976
random,1,0.5543710164434784,0.5739384907608825
random,1,0.6198369582165638,0.6108157091071644
random,1,0.020983727644484862,0.3931889855814532
random,1,0.555657289613564,0.5967876133805624
random,1,0.030087677652087752,0.38623843255126716
random,1,0.9474015864044489,0.6147030866673227
random,1,0.9347642469956867,0.6170541520133919
random,1,0.8304138501840036,0.6112464860163789
random,1,0.9644072247016033,0.6257561930732785
random,1,0.5511625666930904,0.5917565527892951
random,1,0.44593363514961126,0.4597480788347458
random,1,0.8936538784207454,0.6129540790854955
random,1,0.8774341416305764,0.6093596565170729
random,1,0.07441413089860394,0.3935285363455544
random,1,0.7092013913936664,0.657595056151919
random,1,0.3315020438135421,0.4180045997277124
random,1,0.6815090750410313,0.6446653905103225
random,1,0.955595892392033,0.609816949465898
random,1,0.10594398034681962,0.3888027991142883
random,1,0.44645560397552453,0.5596135024468153
random,1,0.9454519926132515,0.6100877683482198
random,1,0.0405962248601387,0.40911462942232274
random,1,0.8651857673078105,0.6182615711750584
random,1,0.1849038732616859,0.42568133893176113
random,1,0.885872601378774,0.6092515938365076
random,1,0.42310169209190596,0.4071704677328758
random,1,0.7972323097276725,0.6098772801638659
random,1,0.46853903472686,0.5523161268144049
random,1,0.8375685299017019,0.6365360300217696
random,1,0.6339132305653484,0.6187100922111377
random,1,0.6168543454546034,0.6355761027409468
random,1,0.0011259737758052557,0.38885039765698026
llm_open_loop,1,0.8188705087977362,0.7143296381515045
llm_open_loop,1,0.6037532331988386,0.569950672354056
llm_open_loop,1,0.6350877361596641,0.6708509997739792
llm_open_loop,1,0.8397670804096422,0.7832449140761143
llm_open_loop,1,0.8428305466323297,0.7842870449609312
llm_open_loop,1,0.8554683125371869,0.8182663404990153
llm_open_loop,1,0.0513302270885263,0.444590761182351
llm_open_loop,1,0.8269155376935201,0.7764156881474051
llm_open_loop,1,0.11686278911903447,0.238259230798881
llm_open_loop,1,0.2892667762226634,0.40300709679558633
llm_open_loop,1,0.3939842318344495,0.3698369756526353
llm_open_loop,1,0.5827810764229308,0.5481209309608455
llm_open_loop,1,0.5374599887929776,0.4447995050419684
llm_open_loop,1,0.8729759304980812,0.5510348281559301
llm_open_loop,1,0.7292730591022846,0.7654812559535287
llm_open_loop,1,0.8218542742179055,0.8322951628191365
llm_open_loop,1,0.6391462119159548,0.6903130154406238
llm_open_loop,1,0.20882028295874944,0.28692288736877564
llm_open_loop,1,0.08620168644767945,0.2979203209705259
llm_open_loop,1,0.4899095607331244,0.3902157604968148
llm_open_loop,1,0.06005639334774837,0.42134841015330343
llm_open_loop,1,0.7989231467318147,0.840432144718237
llm_open_loop,1,0.999928327323938,0.6754275979119706
llm_open_loop,1,0.3359777569144409,0.27072303982931223
llm_open_loop,1,0.18821172605363423,0.25690671717309543
llm_open_loop,1,0.8276485550621163,0.6157105542487245
llm_open_loop,1,0.09248188393051116,0.2554291454634471
llm_open_loop,1,0.00849323838581073,0.45102664860924485
llm_open_loop,1,0.4144371034019141,0.36679419640184563
llm_open_loop,1,0.5852661200416163,0.49410501464259204
llm_open_loop,1,0.27184784545065,0.2698507689364298
llm_open_loop,1,0.12153747322702058,0.21340984508242333
llm_open_loop,1,0.10618469212615034,0.2956985057476964
llm_open_loop,1,0.7791325646752297,0.8392413723392095
llm_open_loop,1,0.9446097177018765,0.6491888763620689
llm_open_loop,1,0.4570594335024645,0.3745069366695341
llm_open_loop,1,0.5849188854419423,0.5217442683257085
llm_open_loop,1,0.6263278748713229,0.6689045022506166
llm_open_loop,1,0.7372295047263895,0.819801233832823
llm_open_loop,1,0.8425459890142982,0.5450840564639259
llm_open_loop,1,0.16845532306782496,0.3111017268607196
llm_open_loop,1,0.881919844959183,0.8090742747384242
llm_open_loop,1,0.8047421472659435,0.6382359082195066
llm_open_loop,1,0.9793303635747482,0.6890958760300518
llm_open_loop,1,0.32912557533537823,0.3301159999272676
llm_open_loop,1,0.048133486105722545,0.3856685312844971
llm_open_loop,1,0.07312097013650087,0.2468396543452872
llm_open_loop,1,0.9449178458236414,0.6401203578940355
llm_open_loop,1,0.22032473856220347,0.1984428948928506
llm_open_loop,1,0.8574977081213879,0.7703306832442262
llm_open_loop,1,0.18512161133396643,0.19137642796488086
llm_open_loop,1,0.46424927271919825,0.3858354934091403
llm_open_loop,1,0.2784010093878745,0.46336861390542794
llm_open_loop,1,0.7167129279046542,0.7614307962413116
llm_open_loop,1,0.11961816086821042,0.23069847719780867
llm_open_loop,1,0.1319628497498343,0.22616550200143348
llm_open_loop,1,0.21615944031815626,0.20413637344646923
llm_open_loop,1,0.00671070372978555,0.4211168531803639
llm_open_loop,1,0.9694868142842428,0.7110478846880778
llm_open_loop,1,0.7003391793171592,0.7880703250213509
llm_open_loop,1,0.8001852262878383,0.6476771814381023
llm_open_loop,1,0.43565855454910407,0.36579136964295433
llm_open_loop,1,0.4187500329109638,0.35505420783762254
llm_open_loop,1,0.6819209664763901,0.663542287402552
llm_open_loop,1,0.4386488392909712,0.3684737680211144
llm_open_loop,1,0.9128243768214149,0.6783179025107586
llm_open_loop,1,0.6731261356560617,0.7024077507255548
llm_open_loop,1,0.27951083948410405,0.23245899029901573
llm_open_loop,1,0.9480369564251416,0.7349165745002805
llm_open_loop,1,0.5901189392431809,0.5458256773102268
llm_open_loop,1,0.19126412057019704,0.35905188973881585
llm_open_loop,1,0.1612826150814024,0.27954784024504675
llm_open_loop,1,0.4209329293361821,0.34933769910298135
llm_open_loop,1,0.6663722101195654,0.6343644428796802
llm_open_loop,1,0.3521413041651317,0.3538059815858581
llm_open_loop,1,0.9367533809551085,0.7387664521262994
llm_open_loop,1,0.8955571824361769,0.7564499544845138
llm_open_loop,1,0.6508150339515245,0.6807087757371506
llm_open_loop,1,0.7597365380320885,0.8394715624617632
llm_open_loop,1,0.5993329771790369,0.5706483560607433
llm_open_loop,1,0.5586663015189062,0.544344528144352
llm_open_loop,1,0.7762655054031332,0.8415873535287048
llm_open_loop,1,0.6374002170379321,0.6556912971881382
llm_open_loop,1,0.4465795393473926,0.370087093261929
llm_open_loop,1,0.5937477636863974,0.5836779768789926
llm_open_loop,1,0.3340447441956079,0.294518654733655
llm_open_loop,1,0.45596153266160677,0.3690992189848073
llm_open_loop,1,0.6084303919839109,0.5278219725937069
llm_open_loop,1,0.3902037082929376,0.3729653684824756
llm_open_loop,1,0.0001556619142959459,0.44640325166480627
llm_open_loop,1,0.48052061920709854,0.430200501528028
llm_open_loop,1,0.8487855934298183,0.6375595184077221
llm_open_loop,1,0.00778132287045008,0.42328179391175413
llm_open_loop,1,0.27874336903249686,0.22911323579453807
llm_open_loop,1,0.9191970327640112,0.7431259337635341
llm_open_loop,1,0.11032175598924787,0.2578379628541266
llm_open_loop,1,0.9983493986001263,0.7322426045805084
llm_open_loop,1,0.066025694564263,0.2651131500586871
llm_open_loop,1,0.13188037425318555,0.25495024419258316
llm_open_loop,1,0.6104093959599585,0.5226378005077573
llm_open_loop,1,0.7771479690942122,0.7839046864118984
llm_open_loop,1,0.2783242655545457,0.22877587093173885
llm_open_loop,1,0.9173207854441626,0.7227525246730439
llm_open_loop,1,0.1367897044460834,0.30902960615979236
llm_open_loop,1,0.9201151175401067,0.7263221346882743
llm_open_loop,1,0.4192338643589788,0.3438855966463617
llm_open_loop,1,0.21304593392048987,0.1918863365115696
llm_open_loop,1,0.42500968944278184,0.36605211940933424
llm_open_loop,1,0.0208213340499368,0.3685293603340478
llm_open_loop,1,0.6931386539005571,0.6884625851021404
llm_open_loop,1,0.07645175238524748,0.309672306522734
llm_open_loop,1,0.14291988727835958,0.3292102165086653
llm_open_loop,1,0.9583105623269874,0.6374994915563374
llm_open_loop,1,0.8802150334225088,0.6205462768501508
llm_open_loop,1,0.47911060443526343,0.39086179407786176
llm_open_loop,1,0.5435416149522322,0.4688063327436037
llm_open_loop,1,0.6421761378083951,0.6240151544677148
llm_open_loop,1,0.5008341933853026,0.4557237038730757
llm_open_loop,1,0.07389909571106079,0.3857941205844086
llm_open_loop,1,0.06911494226879222,0.24138138923207003
llm_open_loop,1,0.6507339042132598,0.6170924629049227
llm_open_loop,1,0.09119110588520252,0.34704667810924067
llm_open_loop,1,0.7759817333346487,0.83253276656279
llm_open_loop,1,0.14506402840185495,0.33027654226816106
llm_open_loop,1,0.8415280918310651,0.5708091948509846
llm_open_loop,1,0.3359882235957792,0.2778552319604979
llm_open_loop,1,0.3031336166409845,0.3131473555337971
llm_open_loop,1,0.20184342633898755,0.27369867750116333
llm_open_loop,1,0.3948263274447963,0.3679708163855981
llm_open_loop,1,0.050488272235854614,0.39499372529908483
llm_open_loop,1,0.8871551111924519,0.6053128734927244
llm_open_loop,1,0.966700349689005,0.7079946601071876
llm_open_loop,1,0.8375166916431854,0.7555430640480402
llm_open_loop,1,0.8344747978213805,0.8198031637229677
llm_open_loop,1,0.6188084133113967,0.6519406014607982
llm_open_loop,1,0.7849323018023778,0.8519424146196813
llm_open_loop,1,0.915977837465344,0.6853582923981147
llm_open_loop,1,0.1405702564509833,0.22909813971296605
llm_open_loop,1,0.6520094133509744,0.6129635208646387
llm_open_loop,1,0.0022254944385128317,0.36766969742716804
llm_open_loop,1,0.0636928946355938,0.3660919946621568
llm_open_loop,1,0.48073424342609083,0.3985218949786305
llm_open_loop,1,0.7718940325463441,0.6798875444251075
llm_open_loop,1,0.2966949995385837,0.2397128198581392
llm_open_loop,1,0.7168454969746565,0.6676617789721946
llm_open_loop,1,0.7200099826767217,0.6828053077246008
llm_open_loop,1,0.5126846451493827,0.47454572766655645
llm_open_loop,1,0.9698279017900501,0.6351433902964843
llm_open_loop,1,0.6950737583694133,0.700726223377503
llm_open_loop,1,0.5272091984112133,0.42320355265740073
llm_open_loop,1,0.03615142457470388,0.27559264973437947
llm_open_loop,1,0.6416864307585411,0.6381745686425061
llm_open_loop,1,0.34979967946596746,0.2914962404448077
llm_open_loop,1,0.0023664316201804647,0.3323333237452378
llm_open_loop,1,0.5306714034773281,0.4283124519454496
llm_open_loop,1,0.13745790610736852,0.2807651505359654
llm_open_loop,1,0.6344167254888649,0.5887745636437117
llm_open_loop,1,0.33297518437991624,0.33612686484423493
llm_open_loop,1,0.21770910534639631,0.2108432896005319
llm_open_loop,1,0.04062617308171668,0.40910134743330406
llm_open_loop,1,0.6520750974702149,0.7234355756353807
llm_open_loop,1,0.8478446626687092,0.8382011785106989
llm_open_loop,1,0.04727587348269502,0.3992486453727765
llm_open_loop,1,0.35606846690709726,0.2955130376566212
llm_open_loop,1,0.774587833002344,0.6218326533956526
llm_open_loop,1,0.7096546950518942,0.7662271343054361
llm_open_loop,1,0.2247287124499937,0.2619378596181904
llm_open_loop,1,0.05935671417999988,0.353888573146594
llm_open_loop,1,0.5543710164434784,0.4607103979792798
llm_open_loop,1,0.6198369582165638,0.5942154785985777
llm_open_loop,1,0.020983727644484862,0.30243708612126907
llm_open_loop,1,0.555657289613564,0.5096754894300961
llm_open_loop,1,0.030087677652087752,0.29329736018302116
llm_open_loop,1,0.9474015864044489,0.6979003260860365
llm_open_loop,1,0.9347642469956867,0.6983602033075067
llm_open_loop,1,0.8304138501840036,0.685956766007725
llm_open_loop,1,0.9644072247016033,0.7586412479573424
llm_open_loop,1,0.5511625666930904,0.5028363624790834
llm_open_loop,1,0.44593363514961126,0.36864600221445476
llm_open_loop,1,0.8936538784207454,0.611381787879761
llm_open_loop,1,0.8774341416305764,0.5601275378544847
llm_open_loop,1,0.07441413089860394,0.39529571142599185
llm_open_loop,1,0.7092013913936664,0.7862463455146428
llm_open_loop,1,0.3315020438135421,0.30092145306415685
llm_open_loop,1,0.6815090750410313,0.7409195936392137
llm_open_loop,1,0.955595892392033,0.620583909950744
llm_open_loop,1,0.10594398034681962,0.255467732978669
llm_open_loop,1,0.44645560397552453,0.38716295698654984
llm_open_loop,1,0.9454519926132515,0.6804085680740122
llm_open_loop,1,0.0405962248601387,0.2769255180594934
llm_open_loop,1,0.8651857673078105,0.7550577475322928
llm_open_loop,1,0.1849038732616859,0.18879785044509168
llm_open_loop,1,0.885872601378774,0.5535442248332771
llm_open_loop,1,0.42310169209190596,0.3637306964971895
llm_open_loop,1,0.7972323097276725,0.5912486947145028
llm_open_loop,1,0.46853903472686,0.40831753899322426
llm_open_loop,1,0.8375685299017019,0.8329061862409863
llm_open_loop,1,0.6339132305653484,0.6392109514853981
llm_open_loop,1,0.6168543454546034,0.6307773824752532
llm_open_loop,1,0.0011259737758052557,0.4856155165381796
llm_closed_loop,1,0.8188705087977362,0.6352505541491102
llm_closed_loop,1,0.6037532331988386,0.5538548725771004
llm_closed_loop,1,0.6350877361596641,0.6509442068643343
llm_closed_loop,1,0.8397670804096422,0.7071396544282238
llm_closed_loop,1,0.8428305466323297,0.7082129118511749
llm_closed_loop,1,0.8554683125371869,0.7446658870867657
llm_closed_loop,1,0.0513302270885263,0.5254666964588167
llm_closed_loop,1,0.8269155376935201,0.7006885394464686
llm_closed_loop,1,0.11686278911903447,0.3146000199584997
llm_closed_loop,1,0.2892667762226634,0.4892166866058585
llm_closed_loop,1,0.3939842318344495,0.44706924933250636
llm_closed_loop,1,0.5827810764229308,0.5518925898678098
llm_closed_loop,1,0.5374599887929776,0.40743136154807347
llm_closed_loop,1,0.8729759304980812,0.4659955162434666
llm_closed_loop,1,0.7292730591022846,0.7005005571177931
llm_closed_loop,1,0.8218542742179055,0.761606870548019
llm_closed_loop,1,0.6391462119159548,0.6735424875392759
llm_closed_loop,1,0.20882028295874944,0.3644664163194113
llm_closed_loop,1,0.08620168644767945,0.3743249309986553
llm_closed_loop,1,0.4899095607331244,0.4217430307008673
llm_closed_loop,1,0.06005639334774837,0.5000106224055239
llm_closed_loop,1,0.7989231467318147,0.772546056790014
llm_closed_loop,1,0.999928327323938,0.6043610788673154
llm_closed_loop,1,0.3359777569144409,0.3695599018054079
llm_closed_loop,1,0.18821172605363423,0.33138800717480427
llm_closed_loop,1,0.8276485550621163,0.5335166599214167
llm_closed_loop,1,0.09248188393051116,0.3329067819078525
llm_closed_loop,1,0.00849323838581073,0.5350319531945074
llm_closed_loop,1,0.4144371034019141,0.4422333786587219
llm_closed_loop,1,0.5852661200416163,0.44597048316780297
llm_closed_loop,1,0.27184784545065,0.3579002167832596
llm_closed_loop,1,0.12153747322702058,0.2929537467974558
llm_closed_loop,1,0.10618469212615034,0.369706210944606
llm_closed_loop,1,0.7791325646752297,0.7739381208910731
llm_closed_loop,1,0.9446097177018765,0.5750717575728866
llm_closed_loop,1,0.4570594335024645,0.4457024417700775
llm_closed_loop,1,0.5849188854419423,0.5066757147451588
llm_closed_loop,1,0.6263278748713229,0.6576380651573744
llm_closed_loop,1,0.7372295047263895,0.7644672227358056
llm_closed_loop,1,0.8425459890142982,0.4594192362150781
llm_closed_loop,1,0.16845532306782496,0.38108583684893965
llm_closed_loop,1,0.881919844959183,0.7349174070487511
llm_closed_loop,1,0.8047421472659435,0.5580823952906853
llm_closed_loop,1,0.9793303635747482,0.616373643617435
llm_closed_loop,1,0.32912557533537823,0.42245618211960656
llm_closed_loop,1,0.048133486105722545,0.46580718264257426
llm_closed_loop,1,0.07312097013650087,0.3267325812007905
llm_closed_loop,1,0.9449178458236414,0.5656589234846561
llm_closed_loop,1,0.22032473856220347,0.28444917965914335
llm_closed_loop,1,0.8574977081213879,0.6938732212507571
llm_closed_loop,1,0.18512161133396643,0.2733512358018345
llm_closed_loop,1,0.46424927271919825,0.4563437782184557
llm_closed_loop,1,0.2784010093878745,0.5496511411936844
llm_closed_loop,1,0.7167129279046542,0.6998824917277309
llm_closed_loop,1,0.11961816086821042,0.3080825639837451
llm_closed_loop,1,0.1319628497498343,0.30349644551607724
llm_closed_loop,1,0.21615944031815626,0.2863439903415913
llm_closed_loop,1,0.00671070372978555,0.5039036125405372
llm_closed_loop,1,0.9694868142842428,0.6383378429886534
llm_closed_loop,1,0.7003391793171592,0.7467855428033058
llm_closed_loop,1,0.8001852262878383,0.5687697964587062
llm_closed_loop,1,0.43565855454910407,0.4381383583101295
llm_closed_loop,1,0.4187500329109638,0.44599739154696855
llm_closed_loop,1,0.6819209664763901,0.5978593417039033
llm_closed_loop,1,0.4386488392909712,0.4360537800540217
llm_closed_loop,1,0.9128243768214149,0.6006572184836627
llm_closed_loop,1,0.6731261356560617,0.6537453314801932
llm_closed_loop,1,0.27951083948410405,0.32888627851714125
llm_closed_loop,1,0.9480369564251416,0.6607729126393318
llm_closed_loop,1,0.5901189392431809,0.5341957991637598
llm_closed_loop,1,0.19126412057019704,0.43038071596653743
llm_closed_loop,1,0.1612826150814024,0.3511782716143233
llm_closed_loop,1,0.4209329293361821,0.4369236424143972
llm_closed_loop,1,0.6663722101195654,0.5655883165671005
llm_closed_loop,1,0.3521413041651317,0.4457092073980666
llm_closed_loop,1,0.9367533809551085,0.6636095066019759
llm_closed_loop,1,0.8955571824361769,0.6799049405573248
llm_closed_loop,1,0.6508150339515245,0.6477480367215156
llm_closed_loop,1,0.7597365380320885,0.7808064605025766
llm_closed_loop,1,0.5993329771790369,0.5598468156378162
llm_closed_loop,1,0.5586663015189062,0.5687693652695227
llm_closed_loop,1,0.7762655054031332,0.7784217726428206
llm_closed_loop,1,0.6374002170379321,0.6279115934912005
llm_closed_loop,1,0.4465795393473926,0.43592075343114484
llm_closed_loop,1,0.5937477636863974,0.5831702624600466
llm_closed_loop,1,0.3340447441956079,0.392310144435858
llm_closed_loop,1,0.45596153266160677,0.42226957572101564
llm_closed_loop,1,0.6084303919839109,0.4592127240798593
llm_closed_loop,1,0.3902037082929376,0.45365877059334747
llm_closed_loop,1,0.0001556619142959459,0.5309909062002782
llm_closed_loop,1,0.48052061920709854,0.49865361004559583
llm_closed_loop,1,0.8487855934298183,0.554900776271101
llm_closed_loop,1,0.00778132287045008,0.5073666611908916
llm_closed_loop,1,0.27874336903249686,0.3230831711930062
llm_closed_loop,1,0.9191970327640112,0.6666826358883625
llm_closed_loop,1,0.11032175598924787,0.33372203979205645
llm_closed_loop,1,0.9983493986001263,0.6598785867831041
llm_closed_loop,1,0.066025694564263,0.34452850570878335
llm_closed_loop,1,0.13188037425318555,0.3295962819101328
llm_closed_loop,1,0.6104093959599585,0.4466453720187067
llm_closed_loop,1,0.7771479690942122,0.7111339653696123
llm_closed_loop,1,0.2783242655545457,0.3229416310643758
llm_closed_loop,1,0.9173207854441626,0.6466715765659683
llm_closed_loop,1,0.1367897044460834,0.3785637060950991
llm_closed_loop,1,0.9201151175401067,0.6498095015725485
llm_closed_loop,1,0.4192338643589788,0.43425788326983694
llm_closed_loop,1,0.21304593392048987,0.2777442584706807
llm_closed_loop,1,0.42500968944278184,0.44128897506674325
llm_closed_loop,1,0.0208213340499368,0.4496030125123336
llm_closed_loop,1,0.6931386539005571,0.6228354665380833
llm_closed_loop,1,0.07645175238524748,0.38641953882183555
llm_closed_loop,1,0.14291988727835958,0.39634285336467434
llm_closed_loop,1,0.9583105623269874,0.5654447383795697
llm_closed_loop,1,0.8802150334225088,0.5371312405580503
llm_closed_loop,1,0.47911060443526343,0.419131237121116
llm_closed_loop,1,0.5435416149522322,0.4077233575902377
llm_closed_loop,1,0.6421761378083951,0.5745525211941199
llm_closed_loop,1,0.5008341933853026,0.5138141996349292
llm_closed_loop,1,0.07389909571106079,0.46212729162226995
llm_closed_loop,1,0.06911494226879222,0.3209311141236133
llm_closed_loop,1,0.6507339042132598,0.5561464812612751
llm_closed_loop,1,0.09119110588520252,0.4214067048869208
llm_closed_loop,1,0.7759817333346487,0.7682043747333451
llm_closed_loop,1,0.14506402840185495,0.39616103371211614
llm_closed_loop,1,0.8415280918310651,0.48596419847017125
llm_closed_loop,1,0.3359882235957792,0.3784779781814532
llm_closed_loop,1,0.3031336166409845,0.40350787375547004
llm_closed_loop,1,0.20184342633898755,0.3500651620897788
llm_closed_loop,1,0.3948263274447963,0.4533302556441751
llm_closed_loop,1,0.050488272235854614,0.47434116868465775
llm_closed_loop,1,0.8871551111924519,0.522882738333248
llm_closed_loop,1,0.966700349689005,0.6342768030892699
llm_closed_loop,1,0.8375166916431854,0.6786725745626022
llm_closed_loop,1,0.8344747978213805,0.7474215837248165
llm_closed_loop,1,0.6188084133113967,0.6435998262593939
llm_closed_loop,1,0.7849323018023778,0.7894742651494312
llm_closed_loop,1,0.915977837465344,0.6088209936738717
llm_closed_loop,1,0.1405702564509833,0.30475777218182387
llm_closed_loop,1,0.6520094133509744,0.5457087346567778
llm_closed_loop,1,0.0022254944385128317,0.44943556212560265
llm_closed_loop,1,0.0636928946355938,0.4433018905706003
llm_closed_loop,1,0.48073424342609083,0.4598882218185202
llm_closed_loop,1,0.7718940325463441,0.6055351250605868
llm_closed_loop,1,0.2966949995385837,0.33700196112829334
llm_closed_loop,1,0.7168454969746565,0.6012090640129557
llm_closed_loop,1,0.7200099826767217,0.614858174848603
llm_closed_loop,1,0.5126846451493827,0.526007829316214
llm_closed_loop,1,0.9698279017900501,0.5669951447160613
llm_closed_loop,1,0.6950737583694133,0.6360444909715386
llm_closed_loop,1,0.5272091984112133,0.4355716368347058
llm_closed_loop,1,0.03615142457470388,0.35520581710589766
llm_closed_loop,1,0.6416864307585411,0.5979908674380461
llm_closed_loop,1,0.34979967946596746,0.3919006176952212
llm_closed_loop,1,0.0023664316201804647,0.4132257213672217
llm_closed_loop,1,0.5306714034773281,0.41693273224572813
llm_closed_loop,1,0.13745790610736852,0.35292375084129624
llm_closed_loop,1,0.6344167254888649,0.5294209249623241
llm_closed_loop,1,0.33297518437991624,0.42905841459786154
llm_closed_loop,1,0.21770910534639631,0.29404947918574575
llm_closed_loop,1,0.04062617308171668,0.4893768906403514
llm_closed_loop,1,0.6520750974702149,0.7031662931754661
llm_closed_loop,1,0.8478446626687092,0.7663833622771414
llm_closed_loop,1,0.04727587348269502,0.47900111265998396
llm_closed_loop,1,0.35606846690709726,0.3951166366954301
llm_closed_loop,1,0.774587833002344,0.5476178262427858
llm_closed_loop,1,0.7096546950518942,0.7114929494192992
llm_closed_loop,1,0.2247287124499937,0.34266777070487686
llm_closed_loop,1,0.05935671417999988,0.4324200340295902
llm_closed_loop,1,0.5543710164434784,0.4135631106709788
llm_closed_loop,1,0.6198369582165638,0.5613199759611968
llm_closed_loop,1,0.020983727644484862,0.38273630477110826
llm_closed_loop,1,0.555657289613564,0.5295713983076143
llm_closed_loop,1,0.030087677652087752,0.37200025365814127
llm_closed_loop,1,0.9474015864044489,0.6237971451572324
llm_closed_loop,1,0.9347642469956867,0.6235691324265615
llm_closed_loop,1,0.8304138501840036,0.6064468553763526
llm_closed_loop,1,0.9644072247016033,0.6862799633911713
llm_closed_loop,1,0.5511625666930904,0.5256654473216633
llm_closed_loop,1,0.44593363514961126,0.44217634810432777
llm_closed_loop,1,0.8936538784207454,0.5304673932903058
llm_closed_loop,1,0.8774341416305764,0.47486972367676206
llm_closed_loop,1,0.07441413089860394,0.47143241177508266
llm_closed_loop,1,0.7092013913936664,0.7383418496245595
llm_closed_loop,1,0.3315020438135421,0.39725041198049876
llm_closed_loop,1,0.6815090750410313,0.6974878291875639
llm_closed_loop,1,0.955595892392033,0.5503627407192878
llm_closed_loop,1,0.10594398034681962,0.3311511840971938
llm_closed_loop,1,0.44645560397552453,0.4695091460989825
llm_closed_loop,1,0.9454519926132515,0.6055788024056942
llm_closed_loop,1,0.0405962248601387,0.3575166920410927
llm_closed_loop,1,0.8651857673078105,0.6776094026716155
llm_closed_loop,1,0.1849038732616859,0.2723507743533106
llm_closed_loop,1,0.885872601378774,0.4695373938162261
llm_closed_loop,1,0.42310169209190596,0.4366187911350842
llm_closed_loop,1,0.7972323097276725,0.5119372829459996
llm_closed_loop,1,0.46853903472686,0.48122822884550404
llm_closed_loop,1,0.8375685299017019,0.7609521998530282
llm_closed_loop,1,0.6339132305653484,0.60911461281119
llm_closed_loop,1,0.6168543454546034,0.6182565076029163
llm_closed_loop,1,0.0011259737758052557,0.5723800912097798
