block,model,representation,test_auroc,test_logloss,train_size
0,M0_class_prior,R1_raw21,0.5,0.691578359988849,500
1,M0_class_prior,R1_raw21,0.5,0.691578359988849,500
2,M0_class_prior,R1_raw21,0.5,0.691578359988849,500
3,M0_class_prior,R1_raw21,0.5,0.691578359988849,500
4,M0_class_prior,R1_raw21,0.5,0.691578359988849,500
0,M1_logreg,R1_raw21,0.533006709039548,0.6997091596538813,500
1,M1_logreg,R1_raw21,0.57043833461736,0.6855993557007825,500
2,M1_logreg,R1_raw21,0.5564470980996404,0.6977058600740631,500
3,M1_logreg,R1_raw21,0.580861260914227,0.6839369481170239,500
4,M1_logreg,R1_raw21,0.5560363700564972,0.6938453019791512,500
0,M2_mlp,R1_raw21,0.5270615048793015,0.6950123820658637,500
1,M2_mlp,R1_raw21,0.5600064201335387,0.6873798572806084,500
2,M2_mlp,R1_raw21,0.546216133795583,0.6927190814665442,500
3,M2_mlp,R1_raw21,0.5744724255264511,0.6859368963348761,500
4,M2_mlp,R1_raw21,0.5470427259887005,0.6898516241415164,500
0,M3_product,R1_raw21,0.5170990626605033,0.6960304469121161,500
1,M3_product,R1_raw21,0.5619599062660503,0.6864362551995804,500
2,M3_product,R1_raw21,0.5370712955829481,0.6898728555744404,500
3,M3_product,R1_raw21,0.5764435670261941,0.6834467953581994,500
4,M3_product,R1_raw21,0.5535485683102208,0.688465578671284,500
0,M4_entangled,R1_raw21,0.5185496918335901,0.6934100670374187,500
1,M4_entangled,R1_raw21,0.5508983371854134,0.6874298417783776,500
2,M4_entangled,R1_raw21,0.5338578582434514,0.6905258716848337,500
3,M4_entangled,R1_raw21,0.570863668464304,0.6841791070027995,500
4,M4_entangled,R1_raw21,0.5548847586029789,0.6871886556571831,500
0,M5_frozen,R1_raw21,0.5172769003595274,0.6925667869090543,500
1,M5_frozen,R1_raw21,0.5515417950693374,0.6873541759818208,500
2,M5_frozen,R1_raw21,0.5363708590138675,0.6904590790964427,500
3,M5_frozen,R1_raw21,0.5743782100667694,0.6839680599556103,500
4,M5_frozen,R1_raw21,0.5574059450436569,0.6865901374007324,500
0,M0_class_prior,R1_raw21,0.5,0.691578359988849,2000
1,M0_class_prior,R1_raw21,0.5,0.691578359988849,2000
2,M0_class_prior,R1_raw21,0.5,0.691578359988849,2000
3,M0_class_prior,R1_raw21,0.5,0.691578359988849,2000
4,M0_class_prior,R1_raw21,0.5,0.691578359988849,2000
0,M1_logreg,R1_raw21,0.5734919106317411,0.6811198066982135,2000
1,M1_logreg,R1_raw21,0.5841218862352338,0.6804216574952029,2000
2,M1_logreg,R1_raw21,0.573492552645095,0.6845237082950388,2000
3,M1_logreg,R1_raw21,0.590585355675398,0.6790254298399653,2000
4,M1_logreg,R1_raw21,0.5742876861838726,0.6845640537715552,2000
0,M2_mlp,R1_raw21,0.575146379044684,0.6818050099403011,2000
1,M2_mlp,R1_raw21,0.5842082370313302,0.6803129029697303,2000
2,M2_mlp,R1_raw21,0.5670078967642527,0.6871462704766729,2000
3,M2_mlp,R1_raw21,0.589556850282486,0.6794545755390151,2000
4,M2_mlp,R1_raw21,0.5713138803287109,0.6857419744461962,2000
0,M3_product,R1_raw21,0.5859103749357987,0.6796751820130519,2000
1,M3_product,R1_raw21,0.5863323382126349,0.6798243579001518,2000
2,M3_product,R1_raw21,0.5730224383667181,0.6841555855105638,2000
3,M3_product,R1_raw21,0.5872154275808936,0.6796192568897863,2000
4,M3_product,R1_raw21,0.585375096302003,0.6800947310714285,2000
0,M4_entangled,R1_raw21,0.590147021058038,0.6783698451653422,2000
1,M4_entangled,R1_raw21,0.5912979904982023,0.6786913380185106,2000
2,M4_entangled,R1_raw21,0.573116814329738,0.6849238646844283,2000
3,M4_entangled,R1_raw21,0.5940658705701078,0.6786054344236297,2000
4,M4_entangled,R1_raw21,0.5811695878274268,0.6821541409114806,2000
0,M5_frozen,R1_raw21,0.5901507126348229,0.6781409128332472,2000
1,M5_frozen,R1_raw21,0.582707209809964,0.6814101827435234,2000
2,M5_frozen,R1_raw21,0.5768534925526451,0.6838278086099278,2000
3,M5_frozen,R1_raw21,0.5980757254750899,0.6779669014542147,2000
4,M5_frozen,R1_raw21,0.57923343605547,0.6826154340503032,2000
0,M0_class_prior,R1_raw21,0.5,0.691578359988849,5000
1,M0_class_prior,R1_raw21,0.5,0.691578359988849,5000
2,M0_class_prior,R1_raw21,0.5,0.691578359988849,5000
3,M0_class_prior,R1_raw21,0.5,0.691578359988849,5000
4,M0_class_prior,R1_raw21,0.5,0.691578359988849,5000
0,M1_logreg,R1_raw21,0.589180469953775,0.67783318000381,5000
1,M1_logreg,R1_raw21,0.5937309001027222,0.676607903082861,5000
2,M1_logreg,R1_raw21,0.580235618900873,0.6823588347520572,5000
3,M1_logreg,R1_raw21,0.5923507318952235,0.6781971155775803,5000
4,M1_logreg,R1_raw21,0.5872775423728813,0.6792028503119992,5000
0,M2_mlp,R1_raw21,0.6086557845403184,0.6731736039087763,5000
1,M2_mlp,R1_raw21,0.6011583525937338,0.6750455228632016,5000
2,M2_mlp,R1_raw21,0.5826879494093478,0.6821192350575022,5000
3,M2_mlp,R1_raw21,0.5864552837699024,0.6797260066290539,5000
4,M2_mlp,R1_raw21,0.5955617616846431,0.6769682999057218,5000
0,M3_product,R1_raw21,0.6142528569594248,0.6704581100166587,5000
1,M3_product,R1_raw21,0.609884437596302,0.6716353504729056,5000
2,M3_product,R1_raw21,0.5977478171545968,0.6781506632387511,5000
3,M3_product,R1_raw21,0.6068140087313816,0.6749498702402097,5000
4,M3_product,R1_raw21,0.6075457434514637,0.6740687724870639,5000
0,M4_entangled,R1_raw21,0.6219104712378019,0.6679439773079916,5000
1,M4_entangled,R1_raw21,0.6123207177709297,0.6707620758723577,5000
2,M4_entangled,R1_raw21,0.6059140665125835,0.6767698854145107,5000
3,M4_entangled,R1_raw21,0.6111419812532101,0.6727843864342475,5000
4,M4_entangled,R1_raw21,0.6051035246533129,0.674861134669025,5000
0,M5_frozen,R1_raw21,0.6202608179250129,0.668658699760937,5000
1,M5_frozen,R1_raw21,0.6129155431432973,0.671068836145563,5000
2,M5_frozen,R1_raw21,0.5984317218798151,0.6812247911417777,5000
3,M5_frozen,R1_raw21,0.607581054185927,0.6740364581475633,5000
4,M5_frozen,R1_raw21,0.6028970852593734,0.674600789053519,5000
0,M0_class_prior,R1_raw21,0.5,0.691578359988849,10000
1,M0_class_prior,R1_raw21,0.5,0.691578359988849,10000
2,M0_class_prior,R1_raw21,0.5,0.691578359988849,10000
3,M0_class_prior,R1_raw21,0.5,0.691578359988849,10000
4,M0_class_prior,R1_raw21,0.5,0.691578359988849,10000
0,M1_logreg,R1_raw21,0.5938150038520802,0.6765048377054356,10000
1,M1_logreg,R1_raw21,0.596917693888033,0.6752882555675216,10000
2,M1_logreg,R1_raw21,0.5850755970724191,0.6801451993818175,10000
3,M1_logreg,R1_raw21,0.5969252375449409,0.6767020763461753,10000
4,M1_logreg,R1_raw21,0.590425012840267,0.6784257266374156,10000
0,M2_mlp,R1_raw21,0.6231954609655881,0.6678560722864865,10000
1,M2_mlp,R1_raw21,0.6000686954288649,0.6752480782369338,10000
2,M2_mlp,R1_raw21,0.60154677067283,0.6768256079886327,10000
3,M2_mlp,R1_raw21,0.6264629879301489,0.6662458652585765,10000
4,M2_mlp,R1_raw21,0.6233334938366718,0.6672851737479988,10000
0,M3_product,R1_raw21,0.6410402221366205,0.6596055653042604,10000
1,M3_product,R1_raw21,0.6329723613251155,0.6646021953791984,10000
2,M3_product,R1_raw21,0.6247642205957884,0.6678093091151862,10000
3,M3_product,R1_raw21,0.6213917244478685,0.6681030645732006,10000
4,M3_product,R1_raw21,0.621549178222907,0.6686528445193415,10000
0,M4_entangled,R1_raw21,0.637255874422188,0.6627054391653905,10000
1,M4_entangled,R1_raw21,0.6365303993323062,0.6620265643559246,10000
2,M4_entangled,R1_raw21,0.6283800398048279,0.6652637198998331,10000
3,M4_entangled,R1_raw21,0.6350746340523883,0.6636343484464118,10000
4,M4_entangled,R1_raw21,0.6302776707755522,0.6658188885129428,10000
0,M5_frozen,R1_raw21,0.6383582113507962,0.662142103952817,10000
1,M5_frozen,R1_raw21,0.6249677388289676,0.6667740417081314,10000
2,M5_frozen,R1_raw21,0.6219051746276323,0.6702646752508483,10000
3,M5_frozen,R1_raw21,0.634251893939394,0.6636669342743805,10000
4,M5_frozen,R1_raw21,0.6273513739085772,0.66606851068992,10000
0,M0_class_prior,R2_pca8,0.5,0.691578359988849,500
1,M0_class_prior,R2_pca8,0.5,0.691578359988849,500
2,M0_class_prior,R2_pca8,0.5,0.691578359988849,500
3,M0_class_prior,R2_pca8,0.5,0.691578359988849,500
4,M0_class_prior,R2_pca8,0.5,0.691578359988849,500
0,M1_logreg,R2_pca8,0.5148120505906523,0.6972276769581489,500
1,M1_logreg,R2_pca8,0.5081050975860297,0.6938856418331522,500
2,M1_logreg,R2_pca8,0.4986650937339496,0.6978252647075011,500
3,M1_logreg,R2_pca8,0.5368949024139702,0.6924953193386852,500
4,M1_logreg,R2_pca8,0.5280017334360555,0.6934624295178559,500
0,M2_mlp,R2_pca8,0.522630970724191,0.6942215472109294,500
1,M2_mlp,R2_pca8,0.5044107922444787,0.6930202021293012,500
2,M2_mlp,R2_pca8,0.5032410439137134,0.6958716184987246,500
3,M2_mlp,R2_pca8,0.533190966872111,0.6918992072291587,500
4,M2_mlp,R2_pca8,0.5397353299948638,0.6921502688279199,500
0,M3_product,R2_pca8,0.5234883795582947,0.6938831818514797,500
1,M3_product,R2_pca8,0.5143477144324602,0.6929519205953091,500
2,M3_product,R2_pca8,0.4955574280945044,0.6938349776011572,500
3,M3_product,R2_pca8,0.5373614856189008,0.6901268076156428,500
4,M3_product,R2_pca8,0.5245149589111453,0.6912541020771803,500
0,M4_entangled,R2_pca8,0.5224128466872111,0.6935865226846692,500
1,M4_entangled,R2_pca8,0.5177481381612737,0.6913598059583304,500
2,M4_entangled,R2_pca8,0.5170920005136107,0.6921335168752973,500
3,M4_entangled,R2_pca8,0.5320590973292244,0.6903323749066029,500
4,M4_entangled,R2_pca8,0.5282697740112995,0.6911535581038359,500
0,M5_frozen,R2_pca8,0.5228595274781715,0.6943576927017888,500
1,M5_frozen,R2_pca8,0.5168496404725218,0.6930093064392251,500
2,M5_frozen,R2_pca8,0.5162118002054443,0.6919807149795888,500
3,M5_frozen,R2_pca8,0.5316074409347715,0.690406955497645,500
4,M5_frozen,R2_pca8,0.5281962634822804,0.6913212922235136,500
0,M0_class_prior,R2_pca8,0.5,0.691578359988849,2000
1,M0_class_prior,R2_pca8,0.5,0.691578359988849,2000
2,M0_class_prior,R2_pca8,0.5,0.691578359988849,2000
3,M0_class_prior,R2_pca8,0.5,0.691578359988849,2000
4,M0_class_prior,R2_pca8,0.5,0.691578359988849,2000
0,M1_logreg,R2_pca8,0.5158692860811505,0.6931988145220849,2000
1,M1_logreg,R2_pca8,0.5253917886492039,0.6913369107364504,2000
2,M1_logreg,R2_pca8,0.5292353620955317,0.6908843142233047,2000
3,M1_logreg,R2_pca8,0.5121651900359527,0.6926424101780772,2000
4,M1_logreg,R2_pca8,0.5247001797637391,0.6908751370743412,2000
0,M2_mlp,R2_pca8,0.5538161273754494,0.6884354514593755,2000
1,M2_mlp,R2_pca8,0.5409909476117103,0.6890531879534617,2000
2,M2_mlp,R2_pca8,0.5590860939907549,0.6871477269326848,2000
3,M2_mlp,R2_pca8,0.5223751284026708,0.6916253618746085,2000
4,M2_mlp,R2_pca8,0.543418721109399,0.6893467076056666,2000
0,M3_product,R2_pca8,0.5614552837699025,0.6861088123267024,2000
1,M3_product,R2_pca8,0.5623966358500256,0.6864763898544672,2000
2,M3_product,R2_pca8,0.5503848870056498,0.6891878051489381,2000
3,M3_product,R2_pca8,0.5483853364149974,0.6900729668505032,2000
4,M3_product,R2_pca8,0.5375942154596816,0.6894244211434729,2000
0,M4_entangled,R2_pca8,0.571341968412943,0.6839312287389907,2000
1,M4_entangled,R2_pca8,0.5689578518233178,0.684878121780466,2000
2,M4_entangled,R2_pca8,0.5581734720082178,0.6867147137336127,2000
3,M4_entangled,R2_pca8,0.5445542822290703,0.6886367192487204,2000
4,M4_entangled,R2_pca8,0.5627043207498716,0.6857615436811142,2000
0,M5_frozen,R2_pca8,0.563697033898305,0.6848158029216447,2000
1,M5_frozen,R2_pca8,0.5677535952747816,0.6847078167102485,2000
2,M5_frozen,R2_pca8,0.5562538520801232,0.687428458130893,2000
3,M5_frozen,R2_pca8,0.5465104969183359,0.6882111619527822,2000
4,M5_frozen,R2_pca8,0.5597581214689267,0.6864678125028382,2000
0,M0_class_prior,R2_pca8,0.5,0.691578359988849,5000
1,M0_class_prior,R2_pca8,0.5,0.691578359988849,5000
2,M0_class_prior,R2_pca8,0.5,0.691578359988849,5000
3,M0_class_prior,R2_pca8,0.5,0.691578359988849,5000
4,M0_class_prior,R2_pca8,0.5,0.691578359988849,5000
0,M1_logreg,R2_pca8,0.530908448895737,0.690819911877817,5000
1,M1_logreg,R2_pca8,0.5311837121212122,0.6900562298860806,5000
2,M1_logreg,R2_pca8,0.5182996276322548,0.6920352394320295,5000
3,M1_logreg,R2_pca8,0.5195146379044684,0.6915098272349057,5000
4,M1_logreg,R2_pca8,0.5437063430919363,0.6892904061763412,5000
0,M2_mlp,R2_pca8,0.5844038906009245,0.6804237093237844,5000
1,M2_mlp,R2_pca8,0.5742291024653312,0.6832063566248949,5000
2,M2_mlp,R2_pca8,0.5586752054442733,0.6872056481066198,5000
3,M2_mlp,R2_pca8,0.5845963341037493,0.6803536571789999,5000
4,M2_mlp,R2_pca8,0.5642368066255778,0.6851208006070245,5000
0,M3_product,R2_pca8,0.5764564072932716,0.6832277307800098,5000
1,M3_product,R2_pca8,0.5782282036466359,0.6832096286805652,5000
2,M3_product,R2_pca8,0.5854261363636364,0.68131317794062,5000
3,M3_product,R2_pca8,0.5710487288135593,0.6840776534372016,5000
4,M3_product,R2_pca8,0.58053271058038,0.6820790824124424,5000
0,M4_entangled,R2_pca8,0.5888482280431433,0.6789409397860889,5000
1,M4_entangled,R2_pca8,0.5794785246533127,0.6826378232817919,5000
2,M4_entangled,R2_pca8,0.5768549370826913,0.6834872437142897,5000
3,M4_entangled,R2_pca8,0.5914718156137647,0.6784890416352649,5000
4,M4_entangled,R2_pca8,0.583085676682075,0.6812979860436461,5000
0,M5_frozen,R2_pca8,0.5886697483307652,0.6788276233015704,5000
1,M5_frozen,R2_pca8,0.5814517526964561,0.6825299596447658,5000
2,M5_frozen,R2_pca8,0.5794316576784797,0.6819990798852585,5000
3,M5_frozen,R2_pca8,0.5892021379044685,0.678978903796641,5000
4,M5_frozen,R2_pca8,0.5841482087827427,0.6813912582316647,5000
0,M0_class_prior,R2_pca8,0.5,0.691578359988849,10000
1,M0_class_prior,R2_pca8,0.5,0.691578359988849,10000
2,M0_class_prior,R2_pca8,0.5,0.691578359988849,10000
3,M0_class_prior,R2_pca8,0.5,0.691578359988849,10000
4,M0_class_prior,R2_pca8,0.5,0.691578359988849,10000
0,M1_logreg,R2_pca8,0.5391822354904983,0.6897358976928533,10000
1,M1_logreg,R2_pca8,0.5430937018489984,0.6891282695472927,10000
2,M1_logreg,R2_pca8,0.5318331086286595,0.6905669990336589,10000
3,M1_logreg,R2_pca8,0.5294249165382641,0.6905482448604402,10000
4,M1_logreg,R2_pca8,0.5498118900873138,0.688494207253036,10000
0,M2_mlp,R2_pca8,0.6093143297380585,0.6728774184042655,10000
1,M2_mlp,R2_pca8,0.5876632318952235,0.6799992770065768,10000
2,M2_mlp,R2_pca8,0.5924967899332306,0.679105885251381,10000
3,M2_mlp,R2_pca8,0.6001691705187467,0.6763934607519112,10000
4,M2_mlp,R2_pca8,0.5868666538263996,0.6800478802473533,10000
0,M3_product,R2_pca8,0.6103858500256805,0.6724447565051714,10000
1,M3_product,R2_pca8,0.6029086414997432,0.6757890443500764,10000
2,M3_product,R2_pca8,0.5956022085259374,0.678218294410596,10000
3,M3_product,R2_pca8,0.6044345467385721,0.6740032242633104,10000
4,M3_product,R2_pca8,0.604004397791474,0.6755678634375064,10000
0,M4_entangled,R2_pca8,0.6144730675398048,0.6709655017505453,10000
1,M4_entangled,R2_pca8,0.6006102336928608,0.6762098488867426,10000
2,M4_entangled,R2_pca8,0.5989003916281459,0.6765689070042348,10000
3,M4_entangled,R2_pca8,0.6130365626605034,0.6716718370388683,10000
4,M4_entangled,R2_pca8,0.6110293079096045,0.672828074531192,10000
0,M5_frozen,R2_pca8,0.6156874357986646,0.6704818755199985,10000
1,M5_frozen,R2_pca8,0.5966080829481254,0.6772547678968415,10000
2,M5_frozen,R2_pca8,0.5900566576784797,0.679963788375344,10000
3,M5_frozen,R2_pca8,0.5990392270159219,0.6762010985671496,10000
4,M5_frozen,R2_pca8,0.6085111710323574,0.674082211113386,10000
0,M0_class_prior,R3_pca16,0.5,0.691578359988849,500
1,M0_class_prior,R3_pca16,0.5,0.691578359988849,500
2,M0_class_prior,R3_pca16,0.5,0.691578359988849,500
3,M0_class_prior,R3_pca16,0.5,0.691578359988849,500
4,M0_class_prior,R3_pca16,0.5,0.691578359988849,500
0,M1_logreg,R3_pca16,0.5194329417051875,0.7009321937791898,500
1,M1_logreg,R3_pca16,0.5510333204930662,0.6893649845828478,500
2,M1_logreg,R3_pca16,0.5365307203389831,0.6991599537044003,500
3,M1_logreg,R3_pca16,0.5630649717514125,0.6869193085294155,500
4,M1_logreg,R3_pca16,0.537418624807396,0.6931403147557108,500
0,M2_mlp,R3_pca16,0.5289066512583462,0.6907872925502437,500
1,M2_mlp,R3_pca16,0.5446008281972265,0.6925101233825243,500
2,M2_mlp,R3_pca16,0.5285410246533129,0.6938613750541008,500
3,M2_mlp,R3_pca16,0.54314281587057,0.690668206008842,500
4,M2_mlp,R3_pca16,0.538910663841808,0.6907035519462897,500
0,M3_product,R3_pca16,0.5182031651258346,0.6931784855393031,500
1,M3_product,R3_pca16,0.5500999935798665,0.6880041798545763,500
2,M3_product,R3_pca16,0.5333285182331793,0.6901679585290788,500
3,M3_product,R3_pca16,0.5587713469440165,0.6867111977222319,500
4,M3_product,R3_pca16,0.5301019196199281,0.6913296268553071,500
0,M4_entangled,R3_pca16,0.5257861453518233,0.6911190548476053,500
1,M4_entangled,R3_pca16,0.5354596815613765,0.6898971294002265,500
2,M4_entangled,R3_pca16,0.5319183359013867,0.6903447712264754,500
3,M4_entangled,R3_pca16,0.5556548536209553,0.6869757045265833,500
4,M4_entangled,R3_pca16,0.5334488957370314,0.6898955982372117,500
0,M5_frozen,R3_pca16,0.5312260850025681,0.6912391351075461,500
1,M5_frozen,R3_pca16,0.5365084103749358,0.6901430373609071,500
2,M5_frozen,R3_pca16,0.5315759822804315,0.6903093171272774,500
3,M5_frozen,R3_pca16,0.5557066961992809,0.686856050738507,500
4,M5_frozen,R3_pca16,0.5352698061119672,0.6892367296458726,500
0,M0_class_prior,R3_pca16,0.5,0.691578359988849,2000
1,M0_class_prior,R3_pca16,0.5,0.691578359988849,2000
2,M0_class_prior,R3_pca16,0.5,0.691578359988849,2000
3,M0_class_prior,R3_pca16,0.5,0.691578359988849,2000
4,M0_class_prior,R3_pca16,0.5,0.691578359988849,2000
0,M1_logreg,R3_pca16,0.5399096366204418,0.6889149686082466,2000
1,M1_logreg,R3_pca16,0.5460156651258347,0.687720634171918,2000
2,M1_logreg,R3_pca16,0.5470968156137648,0.6900269083179479,2000
3,M1_logreg,R3_pca16,0.5454457177709295,0.6887163393018879,2000
4,M1_logreg,R3_pca16,0.5443515665125835,0.6886145749711183,2000
0,M2_mlp,R3_pca16,0.5511622046738572,0.6895570964407268,2000
1,M2_mlp,R3_pca16,0.5482219440164355,0.687562269397813,2000
2,M2_mlp,R3_pca16,0.5539116268618387,0.6898186533468517,2000
3,M2_mlp,R3_pca16,0.545683102208526,0.6893530391009521,2000
4,M2_mlp,R3_pca16,0.5641037493579867,0.6860918067872303,2000
0,M3_product,R3_pca16,0.5701192539804828,0.685437399785451,2000
1,M3_product,R3_pca16,0.548571520287622,0.6876576040627362,2000
2,M3_product,R3_pca16,0.559220114278377,0.6889299160070106,2000
3,M3_product,R3_pca16,0.5546756227529533,0.6870304287556284,2000
4,M3_product,R3_pca16,0.5765233371854135,0.6829836631149743,2000
0,M4_entangled,R3_pca16,0.5631042950693375,0.6847214330530099,2000
1,M4_entangled,R3_pca16,0.5564231831022086,0.6861111288606747,2000
2,M4_entangled,R3_pca16,0.5585273818695429,0.6883718655451596,2000
3,M4_entangled,R3_pca16,0.5767477208525936,0.6817374685663568,2000
4,M4_entangled,R3_pca16,0.5624407742681048,0.685301669475583,2000
0,M5_frozen,R3_pca16,0.5676105868002055,0.6844019523350922,2000
1,M5_frozen,R3_pca16,0.5539747046738572,0.6865661008420184,2000
2,M5_frozen,R3_pca16,0.5579959553158707,0.6886453713313059,2000
3,M5_frozen,R3_pca16,0.5729025423728813,0.6833317917998732,2000
4,M5_frozen,R3_pca16,0.5584018682588597,0.687211263203503,2000
0,M0_class_prior,R3_pca16,0.5,0.691578359988849,5000
1,M0_class_prior,R3_pca16,0.5,0.691578359988849,5000
2,M0_class_prior,R3_pca16,0.5,0.691578359988849,5000
3,M0_class_prior,R3_pca16,0.5,0.691578359988849,5000
4,M0_class_prior,R3_pca16,0.5,0.691578359988849,5000
0,M1_logreg,R3_pca16,0.5539361838726246,0.686672572259194,5000
1,M1_logreg,R3_pca16,0.5496300398048279,0.6868013616019858,5000
2,M1_logreg,R3_pca16,0.5542056689779148,0.6870518004094025,5000
3,M1_logreg,R3_pca16,0.557211414997432,0.6857871615586053,5000
4,M1_logreg,R3_pca16,0.5579193952234206,0.6856663692695127,5000
0,M2_mlp,R3_pca16,0.5670525166923472,0.6841090921886783,5000
1,M2_mlp,R3_pca16,0.5573391756548536,0.6866262133511144,5000
2,M2_mlp,R3_pca16,0.5929052709296354,0.6799123105359586,5000
3,M2_mlp,R3_pca16,0.5733936825885979,0.6833091735166862,5000
4,M2_mlp,R3_pca16,0.5587422958397534,0.686955910401981,5000
0,M3_product,R3_pca16,0.5982493900873138,0.6779220200281975,5000
1,M3_product,R3_pca16,0.581128659476117,0.6814480340950693,5000
2,M3_product,R3_pca16,0.5848897342064715,0.681202960929559,5000
3,M3_product,R3_pca16,0.5977449280945044,0.6771730919255986,5000
4,M3_product,R3_pca16,0.5763800077041603,0.6824779409550387,5000
0,M4_entangled,R3_pca16,0.598839881869543,0.6770604843610019,5000
1,M4_entangled,R3_pca16,0.5787814586543399,0.6817070880623709,5000
2,M4_entangled,R3_pca16,0.5847987288135593,0.6812975852931351,5000
3,M4_entangled,R3_pca16,0.5930827876219825,0.678322496217717,5000
4,M4_entangled,R3_pca16,0.5755359206471495,0.6825192479657898,5000
0,M5_frozen,R3_pca16,0.5944125577812018,0.6776887015176479,5000
1,M5_frozen,R3_pca16,0.5797170326142784,0.6826712543592152,5000
2,M5_frozen,R3_pca16,0.5842534989727786,0.682251540307802,5000
3,M5_frozen,R3_pca16,0.5893005264509502,0.6787049746988713,5000
4,M5_frozen,R3_pca16,0.5737018489984591,0.6835444099770465,5000
0,M0_class_prior,R3_pca16,0.5,0.691578359988849,10000
1,M0_class_prior,R3_pca16,0.5,0.691578359988849,10000
2,M0_class_prior,R3_pca16,0.5,0.691578359988849,10000
3,M0_class_prior,R3_pca16,0.5,0.691578359988849,10000
4,M0_class_prior,R3_pca16,0.5,0.691578359988849,10000
0,M1_logreg,R3_pca16,0.5636641307139189,0.684091941541463,10000
1,M1_logreg,R3_pca16,0.5572040318438624,0.6853852977239657,10000
2,M1_logreg,R3_pca16,0.5504916217257319,0.6872885875230088,10000
3,M1_logreg,R3_pca16,0.5648386941448382,0.684205349051332,10000
4,M1_logreg,R3_pca16,0.5622223292244479,0.6844823525977537,10000
0,M2_mlp,R3_pca16,0.6271149524910118,0.667134835861252,10000
1,M2_mlp,R3_pca16,0.5929514958911145,0.6790314056007086,10000
2,M2_mlp,R3_pca16,0.5780673793014894,0.682925144279366,10000
3,M2_mlp,R3_pca16,0.6037549756034926,0.6740134963879827,10000
4,M2_mlp,R3_pca16,0.6093632832562917,0.6730483059725865,10000
0,M3_product,R3_pca16,0.616158031587057,0.6712045434421537,10000
1,M3_product,R3_pca16,0.6020109463276837,0.6755589219551513,10000
2,M3_product,R3_pca16,0.5985676682074987,0.6772831048048156,10000
3,M3_product,R3_pca16,0.6002084938366719,0.675044376380854,10000
4,M3_product,R3_pca16,0.6110052324088341,0.6732350964943542,10000
0,M4_entangled,R3_pca16,0.6182514766307139,0.6707713275797974,10000
1,M4_entangled,R3_pca16,0.6038596237801745,0.6751137821359267,10000
2,M4_entangled,R3_pca16,0.5997250577812019,0.6770448547360038,10000
3,M4_entangled,R3_pca16,0.6056524460708783,0.6731438004520711,10000
4,M4_entangled,R3_pca16,0.6075001605033384,0.674263318860726,10000
0,M5_frozen,R3_pca16,0.6166682717000513,0.670763489246904,10000
1,M5_frozen,R3_pca16,0.5943793335901386,0.6778107844999854,10000
2,M5_frozen,R3_pca16,0.5979757318952235,0.6773637046419403,10000
3,M5_frozen,R3_pca16,0.6048289034411916,0.6738821048845084,10000
4,M5_frozen,R3_pca16,0.6065382639958912,0.6743803268470504,10000
