arch,split,seed,two_qubit,hash,trainable_bae,frozen_bae,diff_frozen_minus_trainable
0,0,0,11,4aa15215d5,0.11349206349206353,0.0992063492063493,-0.014285714285714235
0,0,1,11,4aa15215d5,0.11349206349206353,0.11349206349206353,0.0
0,0,2,11,4aa15215d5,0.08492063492063495,0.08492063492063495,0.0
1,0,0,8,af0a201762,0.0992063492063493,0.0992063492063493,0.0
1,0,1,8,af0a201762,0.0992063492063493,0.0992063492063493,0.0
1,0,2,8,af0a201762,0.0992063492063493,0.0992063492063493,0.0
2,0,0,4,59607d3f4d,0.08531746031746035,0.0992063492063493,0.01388888888888895
2,0,1,4,59607d3f4d,0.08492063492063495,0.0992063492063493,0.014285714285714346
2,0,2,4,59607d3f4d,0.08492063492063495,0.08492063492063495,0.0
3,0,0,3,c06c9cabd3,0.0992063492063493,0.11349206349206353,0.014285714285714235
3,0,1,3,c06c9cabd3,0.09960317460317458,0.11349206349206353,0.01388888888888895
3,0,2,3,c06c9cabd3,0.08492063492063495,0.08452380952380956,-0.0003968253968253954
4,0,0,0,80efcde460,0.0992063492063493,0.0992063492063493,0.0
4,0,1,0,80efcde460,0.0992063492063493,0.1412698412698412,0.042063492063491914
4,0,2,0,80efcde460,0.0992063492063493,0.11349206349206353,0.014285714285714235
5,0,0,14,f41cafbf04,0.11309523809523814,0.0988095238095239,-0.014285714285714235
5,0,1,14,f41cafbf04,0.0992063492063493,0.0992063492063493,0.0
5,0,2,14,f41cafbf04,0.0992063492063493,0.0992063492063493,0.0
6,0,0,6,34a287dcab,0.0992063492063493,0.08492063492063495,-0.014285714285714346
6,0,1,6,34a287dcab,0.11349206349206353,0.09841269841269851,-0.015079365079365026
6,0,2,6,34a287dcab,0.0992063492063493,0.0992063492063493,0.0
7,0,0,10,6d4b435a9f,0.08531746031746035,0.0992063492063493,0.01388888888888895
7,0,1,10,6d4b435a9f,0.0992063492063493,0.12738095238095237,0.028174603174603075
7,0,2,10,6d4b435a9f,0.0992063492063493,0.0992063492063493,0.0
8,0,0,11,15ad2f058c,0.0992063492063493,0.0992063492063493,0.0
8,0,1,11,15ad2f058c,0.0992063492063493,0.0992063492063493,0.0
8,0,2,11,15ad2f058c,0.11349206349206353,0.0992063492063493,-0.014285714285714235
9,0,0,3,cf6d8389ab,0.0992063492063493,0.0992063492063493,0.0
9,0,1,3,cf6d8389ab,0.11349206349206353,0.0988095238095239,-0.01468253968253963
9,0,2,3,cf6d8389ab,0.11349206349206353,0.11349206349206353,0.0
10,0,0,4,82fb2626cb,0.08492063492063495,0.08492063492063495,0.0
10,0,1,4,82fb2626cb,0.09960317460317458,0.12738095238095237,0.02777777777777779
10,0,2,4,82fb2626cb,0.11349206349206353,0.09841269841269851,-0.015079365079365026
11,0,0,7,429788f685,0.0992063492063493,0.0706349206349206,-0.028571428571428692
11,0,1,7,429788f685,0.08492063492063495,0.0992063492063493,0.014285714285714346
11,0,2,7,429788f685,0.0992063492063493,0.11349206349206353,0.014285714285714235
12,0,0,10,e391e0794e,0.0992063492063493,0.08492063492063495,-0.014285714285714346
12,0,1,10,e391e0794e,0.08531746031746035,0.11349206349206353,0.028174603174603186
12,0,2,10,e391e0794e,0.0992063492063493,0.0992063492063493,0.0
13,0,0,4,f58e85e5f2,0.0992063492063493,0.0992063492063493,0.0
13,0,1,4,f58e85e5f2,0.0992063492063493,0.0992063492063493,0.0
13,0,2,4,f58e85e5f2,0.0992063492063493,0.0992063492063493,0.0
14,0,0,0,39d61cca49,0.0992063492063493,0.11349206349206353,0.014285714285714235
14,0,1,0,39d61cca49,0.05634920634920637,0.0706349206349206,0.014285714285714235
14,0,2,0,39d61cca49,0.0992063492063493,0.0992063492063493,0.0
15,0,0,6,e57263a96f,0.0992063492063493,0.12738095238095237,0.028174603174603075
15,0,1,6,e57263a96f,0.0992063492063493,0.0992063492063493,0.0
15,0,2,6,e57263a96f,0.0992063492063493,0.0992063492063493,0.0
16,0,0,8,e6b930e1ec,0.11349206349206353,0.11349206349206353,0.0
16,0,1,8,e6b930e1ec,0.11349206349206353,0.09960317460317458,-0.01388888888888895
16,0,2,8,e6b930e1ec,0.11349206349206353,0.11349206349206353,0.0
17,0,0,15,30651eac8c,0.071031746031746,0.08492063492063495,0.01388888888888895
17,0,1,15,30651eac8c,0.08492063492063495,0.11349206349206353,0.02857142857142858
17,0,2,15,30651eac8c,0.08492063492063495,0.0992063492063493,0.014285714285714346
18,0,0,4,b2beed92b8,0.11349206349206353,0.08492063492063495,-0.02857142857142858
18,0,1,4,b2beed92b8,0.11349206349206353,0.11349206349206353,0.0
18,0,2,4,b2beed92b8,0.08492063492063495,0.08492063492063495,0.0
19,0,0,4,bd551d07e4,0.0992063492063493,0.0992063492063493,0.0
19,0,1,4,bd551d07e4,0.0992063492063493,0.08492063492063495,-0.014285714285714346
19,0,2,4,bd551d07e4,0.0992063492063493,0.08492063492063495,-0.014285714285714346
0,1,0,11,4aa15215d5,0.028174603174603186,0.028174603174603186,0.0
0,1,1,11,4aa15215d5,0.028174603174603186,0.028174603174603186,0.0
0,1,2,11,4aa15215d5,0.028174603174603186,0.028174603174603186,0.0
1,1,0,8,af0a201762,0.042063492063492136,0.042063492063492136,0.0
1,1,1,8,af0a201762,0.028174603174603186,0.028174603174603186,0.0
1,1,2,8,af0a201762,0.028174603174603186,0.028174603174603186,0.0
2,1,0,4,59607d3f4d,0.014285714285714235,0.014285714285714235,0.0
2,1,1,4,59607d3f4d,0.028174603174603186,0.028174603174603186,0.0
2,1,2,4,59607d3f4d,0.014285714285714235,0.014285714285714235,0.0
3,1,0,3,c06c9cabd3,0.028174603174603186,0.028174603174603186,0.0
3,1,1,3,c06c9cabd3,0.028174603174603186,0.028174603174603186,0.0
3,1,2,3,c06c9cabd3,0.014285714285714235,0.028174603174603186,0.01388888888888895
4,1,0,0,80efcde460,0.028174603174603186,0.028174603174603186,0.0
4,1,1,0,80efcde460,0.028174603174603186,0.028174603174603186,0.0
4,1,2,0,80efcde460,0.028174603174603186,0.028174603174603186,0.0
5,1,0,14,f41cafbf04,0.014285714285714235,0.028174603174603186,0.01388888888888895
5,1,1,14,f41cafbf04,0.02857142857142858,0.02857142857142858,0.0
5,1,2,14,f41cafbf04,0.014285714285714235,0.028174603174603186,0.01388888888888895
6,1,0,6,34a287dcab,0.5,0.014285714285714235,-0.48571428571428577
6,1,1,6,34a287dcab,0.014285714285714235,0.04166666666666674,0.027380952380952506
6,1,2,6,34a287dcab,0.014285714285714235,0.014285714285714235,0.0
7,1,0,10,6d4b435a9f,0.014285714285714235,0.028174603174603186,0.01388888888888895
7,1,1,10,6d4b435a9f,0.014285714285714235,0.02857142857142858,0.014285714285714346
7,1,2,10,6d4b435a9f,0.02857142857142858,0.028174603174603186,-0.0003968253968253954
8,1,0,11,15ad2f058c,0.014285714285714235,0.028174603174603186,0.01388888888888895
8,1,1,11,15ad2f058c,0.028174603174603186,0.028174603174603186,0.0
8,1,2,11,15ad2f058c,0.014285714285714235,0.014285714285714235,0.0
9,1,0,3,cf6d8389ab,0.028174603174603186,0.028174603174603186,0.0
9,1,1,3,cf6d8389ab,0.028174603174603186,0.028174603174603186,0.0
9,1,2,3,cf6d8389ab,0.014285714285714235,0.028174603174603186,0.01388888888888895
10,1,0,4,82fb2626cb,0.014285714285714235,0.028174603174603186,0.01388888888888895
10,1,1,4,82fb2626cb,0.02857142857142858,0.028174603174603186,-0.0003968253968253954
10,1,2,4,82fb2626cb,0.014285714285714235,0.028174603174603186,0.01388888888888895
11,1,0,7,429788f685,0.02857142857142858,0.014285714285714235,-0.014285714285714346
11,1,1,7,429788f685,0.014285714285714235,0.014285714285714235,0.0
11,1,2,7,429788f685,0.014285714285714235,0.028174603174603186,0.01388888888888895
12,1,0,10,e391e0794e,0.042063492063492136,0.028174603174603186,-0.01388888888888895
12,1,1,10,e391e0794e,0.014285714285714235,0.028174603174603186,0.01388888888888895
12,1,2,10,e391e0794e,0.014285714285714235,0.028174603174603186,0.01388888888888895
13,1,0,4,f58e85e5f2,0.014285714285714235,0.014285714285714235,0.0
13,1,1,4,f58e85e5f2,0.028174603174603186,0.028174603174603186,0.0
13,1,2,4,f58e85e5f2,0.028174603174603186,0.014285714285714235,-0.01388888888888895
14,1,0,0,39d61cca49,0.014285714285714235,0.014285714285714235,0.0
14,1,1,0,39d61cca49,0.028174603174603186,0.028174603174603186,0.0
14,1,2,0,39d61cca49,0.028174603174603186,0.014285714285714235,-0.01388888888888895
15,1,0,6,e57263a96f,0.028174603174603186,0.028174603174603186,0.0
15,1,1,6,e57263a96f,0.014285714285714235,0.028174603174603186,0.01388888888888895
15,1,2,6,e57263a96f,0.028174603174603186,0.028174603174603186,0.0
16,1,0,8,e6b930e1ec,0.028174603174603186,0.028174603174603186,0.0
16,1,1,8,e6b930e1ec,0.028174603174603186,0.028174603174603186,0.0
16,1,2,8,e6b930e1ec,0.028174603174603186,0.028174603174603186,0.0
17,1,0,15,30651eac8c,0.014285714285714235,0.014285714285714235,0.0
17,1,1,15,30651eac8c,0.028174603174603186,0.028174603174603186,0.0
17,1,2,15,30651eac8c,0.028174603174603186,0.028174603174603186,0.0
18,1,0,4,b2beed92b8,0.028174603174603186,0.04246031746031753,0.014285714285714346
18,1,1,4,b2beed92b8,0.028174603174603186,0.028174603174603186,0.0
18,1,2,4,b2beed92b8,0.028174603174603186,0.028174603174603186,0.0
19,1,0,4,bd551d07e4,0.028174603174603186,0.028174603174603186,0.0
19,1,1,4,bd551d07e4,0.028174603174603186,0.028174603174603186,0.0
19,1,2,4,bd551d07e4,0.014285714285714235,0.028174603174603186,0.01388888888888895
0,2,0,11,4aa15215d5,0.05634920634920637,0.05634920634920637,0.0
0,2,1,11,4aa15215d5,0.042063492063492136,0.05634920634920637,0.014285714285714235
0,2,2,11,4aa15215d5,0.05634920634920637,0.05634920634920637,0.0
1,2,0,8,af0a201762,0.05634920634920637,0.05634920634920637,0.0
1,2,1,8,af0a201762,0.05634920634920637,0.05634920634920637,0.0
1,2,2,8,af0a201762,0.05634920634920637,0.05634920634920637,0.0
2,2,0,4,59607d3f4d,0.04246031746031753,0.014285714285714235,-0.028174603174603297
2,2,1,4,59607d3f4d,0.042063492063492136,0.05634920634920637,0.014285714285714235
2,2,2,4,59607d3f4d,0.042063492063492136,0.042063492063492136,0.0
3,2,0,3,c06c9cabd3,0.05634920634920637,0.05634920634920637,0.0
3,2,1,3,c06c9cabd3,0.05634920634920637,0.05634920634920637,0.0
3,2,2,3,c06c9cabd3,0.04246031746031753,0.04246031746031753,0.0
4,2,0,0,80efcde460,0.042063492063492136,0.05634920634920637,0.014285714285714235
4,2,1,0,80efcde460,0.05634920634920637,0.05634920634920637,0.0
4,2,2,0,80efcde460,0.05634920634920637,0.04246031746031753,-0.01388888888888884
5,2,0,14,f41cafbf04,0.05634920634920637,0.05634920634920637,0.0
5,2,1,14,f41cafbf04,0.028174603174603186,0.028174603174603186,0.0
5,2,2,14,f41cafbf04,0.05634920634920637,0.05634920634920637,0.0
6,2,0,6,34a287dcab,0.5,0.028174603174603186,-0.4718253968253968
6,2,1,6,34a287dcab,0.05634920634920637,0.014285714285714235,-0.042063492063492136
6,2,2,6,34a287dcab,0.042063492063492136,0.042063492063492136,0.0
7,2,0,10,6d4b435a9f,0.04246031746031753,0.04246031746031753,0.0
7,2,1,10,6d4b435a9f,0.042063492063492136,0.05634920634920637,0.014285714285714235
7,2,2,10,6d4b435a9f,0.042063492063492136,0.042063492063492136,0.0
8,2,0,11,15ad2f058c,0.042063492063492136,0.042063492063492136,0.0
8,2,1,11,15ad2f058c,0.042063492063492136,0.028174603174603186,-0.01388888888888895
8,2,2,11,15ad2f058c,0.042063492063492136,0.05634920634920637,0.014285714285714235
9,2,0,3,cf6d8389ab,0.5,0.04246031746031753,-0.45753968253968247
9,2,1,3,cf6d8389ab,0.05634920634920637,0.04246031746031753,-0.01388888888888884
9,2,2,3,cf6d8389ab,0.05634920634920637,0.05634920634920637,0.0
10,2,0,4,82fb2626cb,0.042063492063492136,0.042063492063492136,0.0
10,2,1,4,82fb2626cb,0.028174603174603186,0.014285714285714235,-0.01388888888888895
10,2,2,4,82fb2626cb,0.05634920634920637,0.04246031746031753,-0.01388888888888884
11,2,0,7,429788f685,0.028174603174603186,0.014285714285714235,-0.01388888888888895
11,2,1,7,429788f685,0.042063492063492136,0.042063492063492136,0.0
11,2,2,7,429788f685,0.02857142857142858,0.028174603174603186,-0.0003968253968253954
12,2,0,10,e391e0794e,0.028174603174603186,0.042063492063492136,0.01388888888888895
12,2,1,10,e391e0794e,0.05634920634920637,0.05634920634920637,0.0
12,2,2,10,e391e0794e,0.042063492063492136,0.05634920634920637,0.014285714285714235
13,2,0,4,f58e85e5f2,0.04246031746031753,0.04246031746031753,0.0
13,2,1,4,f58e85e5f2,0.05634920634920637,0.02857142857142858,-0.02777777777777779
13,2,2,4,f58e85e5f2,0.05634920634920637,0.05634920634920637,0.0
14,2,0,0,39d61cca49,0.028174603174603186,0.028174603174603186,0.0
14,2,1,0,39d61cca49,0.042063492063492136,0.042063492063492136,0.0
14,2,2,0,39d61cca49,0.042063492063492136,0.05634920634920637,0.014285714285714235
15,2,0,6,e57263a96f,0.05634920634920637,0.05634920634920637,0.0
15,2,1,6,e57263a96f,0.04246031746031753,0.04246031746031753,0.0
15,2,2,6,e57263a96f,0.05634920634920637,0.042063492063492136,-0.014285714285714235
16,2,0,8,e6b930e1ec,0.042063492063492136,0.042063492063492136,0.0
16,2,1,8,e6b930e1ec,0.05634920634920637,0.05634920634920637,0.0
16,2,2,8,e6b930e1ec,0.05634920634920637,0.05634920634920637,0.0
17,2,0,15,30651eac8c,0.04246031746031753,0.028174603174603186,-0.014285714285714346
17,2,1,15,30651eac8c,0.04246031746031753,0.04246031746031753,0.0
17,2,2,15,30651eac8c,0.028174603174603186,0.02857142857142858,0.0003968253968253954
18,2,0,4,b2beed92b8,0.05634920634920637,0.028174603174603186,-0.028174603174603186
18,2,1,4,b2beed92b8,0.05634920634920637,0.05634920634920637,0.0
18,2,2,4,b2beed92b8,0.028174603174603186,0.042063492063492136,0.01388888888888895
19,2,0,4,bd551d07e4,0.02857142857142858,0.02857142857142858,0.0
19,2,1,4,bd551d07e4,0.05634920634920637,0.02857142857142858,-0.02777777777777779
19,2,2,4,bd551d07e4,0.05634920634920637,0.05634920634920637,0.0
0,3,0,11,4aa15215d5,0.01388888888888884,0.0,-0.01388888888888884
0,3,1,11,4aa15215d5,0.02777777777777779,0.02777777777777779,0.0
0,3,2,11,4aa15215d5,0.01388888888888884,0.01388888888888884,0.0
1,3,0,8,af0a201762,0.01388888888888884,0.01388888888888884,0.0
1,3,1,8,af0a201762,0.01388888888888884,0.01388888888888884,0.0
1,3,2,8,af0a201762,0.01388888888888884,0.01388888888888884,0.0
2,3,0,4,59607d3f4d,0.01388888888888884,0.01388888888888884,0.0
2,3,1,4,59607d3f4d,0.01388888888888884,0.02777777777777779,0.01388888888888895
2,3,2,4,59607d3f4d,0.02777777777777779,0.02777777777777779,0.0
3,3,0,3,c06c9cabd3,0.01388888888888884,0.02777777777777779,0.01388888888888895
3,3,1,3,c06c9cabd3,0.01388888888888884,0.02777777777777779,0.01388888888888895
3,3,2,3,c06c9cabd3,0.014285714285714235,0.01388888888888884,-0.0003968253968253954
4,3,0,0,80efcde460,0.02777777777777779,0.01388888888888884,-0.01388888888888895
4,3,1,0,80efcde460,0.01388888888888884,0.02777777777777779,0.01388888888888895
4,3,2,0,80efcde460,0.02777777777777779,0.02777777777777779,0.0
5,3,0,14,f41cafbf04,0.02777777777777779,0.01388888888888884,-0.01388888888888895
5,3,1,14,f41cafbf04,0.01388888888888884,0.01388888888888884,0.0
5,3,2,14,f41cafbf04,0.01388888888888884,0.02777777777777779,0.01388888888888895
6,3,0,6,34a287dcab,0.5,0.0,-0.5
6,3,1,6,34a287dcab,0.028174603174603186,0.04166666666666674,0.013492063492063555
6,3,2,6,34a287dcab,0.028174603174603186,0.01388888888888884,-0.014285714285714346
7,3,0,10,6d4b435a9f,0.01388888888888884,0.02777777777777779,0.01388888888888895
7,3,1,10,6d4b435a9f,0.02777777777777779,0.02777777777777779,0.0
7,3,2,10,6d4b435a9f,0.02777777777777779,0.01388888888888884,-0.01388888888888895
8,3,0,11,15ad2f058c,0.01388888888888884,0.0,-0.01388888888888884
8,3,1,11,15ad2f058c,0.02777777777777779,0.01388888888888884,-0.01388888888888895
8,3,2,11,15ad2f058c,0.02777777777777779,0.01388888888888884,-0.01388888888888895
9,3,0,3,cf6d8389ab,0.01388888888888884,0.01388888888888884,0.0
9,3,1,3,cf6d8389ab,0.01388888888888884,0.01388888888888884,0.0
9,3,2,3,cf6d8389ab,0.02777777777777779,0.01388888888888884,-0.01388888888888895
10,3,0,4,82fb2626cb,0.01388888888888884,0.01388888888888884,0.0
10,3,1,4,82fb2626cb,0.01388888888888884,0.04166666666666674,0.0277777777777779
10,3,2,4,82fb2626cb,0.01388888888888884,0.02777777777777779,0.01388888888888895
11,3,0,7,429788f685,0.01388888888888884,0.02777777777777779,0.01388888888888895
11,3,1,7,429788f685,0.028174603174603186,0.028174603174603186,0.0
11,3,2,7,429788f685,0.028174603174603186,0.01388888888888884,-0.014285714285714346
12,3,0,10,e391e0794e,0.01388888888888884,0.0,-0.01388888888888884
12,3,1,10,e391e0794e,0.01388888888888884,0.02777777777777779,0.01388888888888895
12,3,2,10,e391e0794e,0.01388888888888884,0.01388888888888884,0.0
13,3,0,4,f58e85e5f2,0.01388888888888884,0.01388888888888884,0.0
13,3,1,4,f58e85e5f2,0.01388888888888884,0.02777777777777779,0.01388888888888895
13,3,2,4,f58e85e5f2,0.02777777777777779,0.014285714285714235,-0.013492063492063555
14,3,0,0,39d61cca49,0.01388888888888884,0.01388888888888884,0.0
14,3,1,0,39d61cca49,0.01388888888888884,0.02777777777777779,0.01388888888888895
14,3,2,0,39d61cca49,0.01388888888888884,0.01388888888888884,0.0
15,3,0,6,e57263a96f,0.01388888888888884,0.01388888888888884,0.0
15,3,1,6,e57263a96f,0.01388888888888884,0.01388888888888884,0.0
15,3,2,6,e57263a96f,0.01388888888888884,0.01388888888888884,0.0
16,3,0,8,e6b930e1ec,0.028174603174603186,0.028174603174603186,0.0
16,3,1,8,e6b930e1ec,0.028174603174603186,0.042063492063492136,0.01388888888888895
16,3,2,8,e6b930e1ec,0.028174603174603186,0.01388888888888884,-0.014285714285714346
17,3,0,15,30651eac8c,0.01388888888888884,0.01388888888888884,0.0
17,3,1,15,30651eac8c,0.01388888888888884,0.02777777777777779,0.01388888888888895
17,3,2,15,30651eac8c,0.01388888888888884,0.01388888888888884,0.0
18,3,0,4,b2beed92b8,0.01388888888888884,0.014285714285714235,0.0003968253968253954
18,3,1,4,b2beed92b8,0.01388888888888884,0.01388888888888884,0.0
18,3,2,4,b2beed92b8,0.01388888888888884,0.01388888888888884,0.0
19,3,0,4,bd551d07e4,0.02777777777777779,0.02777777777777779,0.0
19,3,1,4,bd551d07e4,0.01388888888888884,0.01388888888888884,0.0
19,3,2,4,bd551d07e4,0.02777777777777779,0.0,-0.02777777777777779
0,4,0,11,4aa15215d5,0.014285714285714235,0.0,-0.014285714285714235
0,4,1,11,4aa15215d5,0.014285714285714235,0.014285714285714235,0.0
0,4,2,11,4aa15215d5,0.0,0.0,0.0
1,4,0,8,af0a201762,0.014285714285714235,0.014285714285714235,0.0
1,4,1,8,af0a201762,0.014285714285714235,0.014285714285714235,0.0
1,4,2,8,af0a201762,0.014285714285714235,0.014285714285714235,0.0
2,4,0,4,59607d3f4d,0.014285714285714235,0.0,-0.014285714285714235
2,4,1,4,59607d3f4d,0.014285714285714235,0.0,-0.014285714285714235
2,4,2,4,59607d3f4d,0.014285714285714235,0.014285714285714235,0.0
3,4,0,3,c06c9cabd3,0.014285714285714235,0.04166666666666674,0.027380952380952506
3,4,1,3,c06c9cabd3,0.02857142857142858,0.0,-0.02857142857142858
3,4,2,3,c06c9cabd3,0.0,0.01388888888888884,0.01388888888888884
4,4,0,0,80efcde460,0.014285714285714235,0.014285714285714235,0.0
4,4,1,0,80efcde460,0.014285714285714235,0.0,-0.014285714285714235
4,4,2,0,80efcde460,0.0,0.014285714285714235,0.014285714285714235
5,4,0,14,f41cafbf04,0.014285714285714235,0.0,-0.014285714285714235
5,4,1,14,f41cafbf04,0.02857142857142858,0.014285714285714235,-0.014285714285714346
5,4,2,14,f41cafbf04,0.014285714285714235,0.02777777777777779,0.013492063492063555
6,4,0,6,34a287dcab,0.014285714285714235,0.01388888888888884,-0.0003968253968253954
6,4,1,6,34a287dcab,0.02857142857142858,0.04166666666666674,0.01309523809523816
6,4,2,6,34a287dcab,0.014285714285714235,0.0,-0.014285714285714235
7,4,0,10,6d4b435a9f,0.014285714285714235,0.014285714285714235,0.0
7,4,1,10,6d4b435a9f,0.04285714285714293,0.014285714285714235,-0.028571428571428692
7,4,2,10,6d4b435a9f,0.014285714285714235,0.0,-0.014285714285714235
8,4,0,11,15ad2f058c,0.014285714285714235,0.014285714285714235,0.0
8,4,1,11,15ad2f058c,0.02857142857142858,0.0,-0.02857142857142858
8,4,2,11,15ad2f058c,0.014285714285714235,0.0,-0.014285714285714235
9,4,0,3,cf6d8389ab,0.014285714285714235,0.01388888888888884,-0.0003968253968253954
9,4,1,3,cf6d8389ab,0.04285714285714293,0.0,-0.04285714285714293
9,4,2,3,cf6d8389ab,0.5,0.1702380952380953,-0.3297619047619047
10,4,0,4,82fb2626cb,0.014285714285714235,0.02777777777777779,0.013492063492063555
10,4,1,4,82fb2626cb,0.014285714285714235,0.014285714285714235,0.0
10,4,2,4,82fb2626cb,0.014285714285714235,0.0,-0.014285714285714235
11,4,0,7,429788f685,0.0,0.0,0.0
11,4,1,7,429788f685,0.0,0.014285714285714235,0.014285714285714235
11,4,2,7,429788f685,0.014285714285714235,0.0,-0.014285714285714235
12,4,0,10,e391e0794e,0.014285714285714235,0.0,-0.014285714285714235
12,4,1,10,e391e0794e,0.014285714285714235,0.014285714285714235,0.0
12,4,2,10,e391e0794e,0.0,0.0,0.0
13,4,0,4,f58e85e5f2,0.014285714285714235,0.014285714285714235,0.0
13,4,1,4,f58e85e5f2,0.014285714285714235,0.014285714285714235,0.0
13,4,2,4,f58e85e5f2,0.014285714285714235,0.014285714285714235,0.0
14,4,0,0,39d61cca49,0.014285714285714235,0.0,-0.014285714285714235
14,4,1,0,39d61cca49,0.0,0.02777777777777779,0.02777777777777779
14,4,2,0,39d61cca49,0.014285714285714235,0.014285714285714235,0.0
15,4,0,6,e57263a96f,0.014285714285714235,0.014285714285714235,0.0
15,4,1,6,e57263a96f,0.014285714285714235,0.014285714285714235,0.0
15,4,2,6,e57263a96f,0.014285714285714235,0.014285714285714235,0.0
16,4,0,8,e6b930e1ec,0.014285714285714235,0.014285714285714235,0.0
16,4,1,8,e6b930e1ec,0.014285714285714235,0.014285714285714235,0.0
16,4,2,8,e6b930e1ec,0.014285714285714235,0.014285714285714235,0.0
17,4,0,15,30651eac8c,0.014285714285714235,0.02857142857142858,0.014285714285714346
17,4,1,15,30651eac8c,0.014285714285714235,0.0,-0.014285714285714235
17,4,2,15,30651eac8c,0.014285714285714235,0.0,-0.014285714285714235
18,4,0,4,b2beed92b8,0.014285714285714235,0.014285714285714235,0.0
18,4,1,4,b2beed92b8,0.0,0.0,0.0
18,4,2,4,b2beed92b8,0.04285714285714293,0.02857142857142858,-0.014285714285714346
19,4,0,4,bd551d07e4,0.0,0.0,0.0
19,4,1,4,bd551d07e4,0.014285714285714235,0.01388888888888884,-0.0003968253968253954
19,4,2,4,bd551d07e4,0.014285714285714235,0.0,-0.014285714285714235
