pair,split,seed,entangled_bae,product_bae,entangled_two_qubit,gate_count_mismatch,param_count_preserved,diff_product_minus_entangled
0,0,0,0.11349206349206353,0.11349206349206353,7,-1,True,0.0
0,0,1,0.08492063492063495,0.0992063492063493,7,-1,True,0.014285714285714346
0,0,2,0.0992063492063493,0.0992063492063493,7,-1,True,0.0
1,0,0,0.0992063492063493,0.0992063492063493,14,-2,True,0.0
1,0,1,0.0992063492063493,0.11349206349206353,14,-2,True,0.014285714285714235
1,0,2,0.05634920634920637,0.05634920634920637,14,-2,True,0.0
2,0,0,0.0992063492063493,0.08492063492063495,19,-1,True,-0.014285714285714346
2,0,1,0.0992063492063493,0.0992063492063493,19,-1,True,0.0
2,0,2,0.08492063492063495,0.08492063492063495,19,-1,True,0.0
3,0,0,0.0992063492063493,0.0992063492063493,3,-1,True,0.0
3,0,1,0.09960317460317458,0.0992063492063493,3,-1,True,-0.0003968253968252844
3,0,2,0.0706349206349206,0.0992063492063493,3,-1,True,0.028571428571428692
4,0,0,0.09960317460317458,0.0992063492063493,11,-1,True,-0.0003968253968252844
4,0,1,0.0992063492063493,0.0992063492063493,11,-1,True,0.0
4,0,2,0.0988095238095239,0.0992063492063493,11,-1,True,0.0003968253968253954
5,0,0,0.09960317460317458,0.11349206349206353,7,-1,True,0.01388888888888895
5,0,1,0.0992063492063493,0.0706349206349206,7,-1,True,-0.028571428571428692
5,0,2,0.071031746031746,0.0992063492063493,7,-1,True,0.028174603174603297
6,0,0,0.11349206349206353,0.08492063492063495,14,-2,True,-0.02857142857142858
6,0,1,0.11349206349206353,0.0992063492063493,14,-2,True,-0.014285714285714235
6,0,2,0.0992063492063493,0.0992063492063493,14,-2,True,0.0
7,0,0,0.0992063492063493,0.0992063492063493,7,-1,True,0.0
7,0,1,0.0992063492063493,0.0992063492063493,7,-1,True,0.0
7,0,2,0.11349206349206353,0.0992063492063493,7,-1,True,-0.014285714285714235
8,0,0,0.11349206349206353,0.071031746031746,14,-2,True,-0.04246031746031753
8,0,1,0.0992063492063493,0.0992063492063493,14,-2,True,0.0
8,0,2,0.0992063492063493,0.08492063492063495,14,-2,True,-0.014285714285714346
9,0,0,0.0992063492063493,0.08531746031746035,4,0,True,-0.01388888888888895
9,0,1,0.0992063492063493,0.0992063492063493,4,0,True,0.0
9,0,2,0.08492063492063495,0.0992063492063493,4,0,True,0.014285714285714346
10,0,0,0.11349206349206353,0.11349206349206353,10,-2,True,0.0
10,0,1,0.0992063492063493,0.0992063492063493,10,-2,True,0.0
10,0,2,0.11349206349206353,0.11349206349206353,10,-2,True,0.0
11,0,0,0.0992063492063493,0.071031746031746,4,0,True,-0.028174603174603297
11,0,1,0.0992063492063493,0.08492063492063495,4,0,True,-0.014285714285714346
11,0,2,0.0992063492063493,0.0992063492063493,4,0,True,0.0
12,0,0,0.11349206349206353,0.0992063492063493,7,-1,True,-0.014285714285714235
12,0,1,0.11349206349206353,0.071031746031746,7,-1,True,-0.04246031746031753
12,0,2,0.11349206349206353,0.0992063492063493,7,-1,True,-0.014285714285714235
13,0,0,0.11349206349206353,0.11349206349206353,10,-2,True,0.0
13,0,1,0.0992063492063493,0.08492063492063495,10,-2,True,-0.014285714285714346
13,0,2,0.11349206349206353,0.0992063492063493,10,-2,True,-0.014285714285714235
14,0,0,0.0992063492063493,0.09960317460317458,4,0,True,0.0003968253968252844
14,0,1,0.0992063492063493,0.08492063492063495,4,0,True,-0.014285714285714346
14,0,2,0.08531746031746035,0.11349206349206353,4,0,True,0.028174603174603186
15,0,0,0.11349206349206353,0.08492063492063495,3,-1,True,-0.02857142857142858
15,0,1,0.11349206349206353,0.0992063492063493,3,-1,True,-0.014285714285714235
15,0,2,0.0992063492063493,0.0992063492063493,3,-1,True,0.0
16,0,0,0.0992063492063493,0.0992063492063493,18,-2,True,0.0
16,0,1,0.11349206349206353,0.0992063492063493,18,-2,True,-0.014285714285714235
16,0,2,0.0992063492063493,0.0706349206349206,18,-2,True,-0.028571428571428692
17,0,0,0.11349206349206353,0.071031746031746,8,0,True,-0.04246031746031753
17,0,1,0.0992063492063493,0.0992063492063493,8,0,True,0.0
17,0,2,0.11349206349206353,0.0992063492063493,8,0,True,-0.014285714285714235
18,0,0,0.0992063492063493,0.0992063492063493,11,-1,True,0.0
18,0,1,0.08492063492063495,0.0992063492063493,11,-1,True,0.014285714285714346
18,0,2,0.0992063492063493,0.0992063492063493,11,-1,True,0.0
19,0,0,0.0992063492063493,0.08492063492063495,3,-1,True,-0.014285714285714346
19,0,1,0.08531746031746035,0.0992063492063493,3,-1,True,0.01388888888888895
19,0,2,0.11349206349206353,0.08531746031746035,3,-1,True,-0.028174603174603186
0,1,0,0.014285714285714235,0.028174603174603186,7,-1,True,0.01388888888888895
0,1,1,0.028174603174603186,0.04246031746031753,7,-1,True,0.014285714285714346
0,1,2,0.014285714285714235,0.028174603174603186,7,-1,True,0.01388888888888895
1,1,0,0.028174603174603186,0.028174603174603186,14,-2,True,0.0
1,1,1,0.014285714285714235,0.014285714285714235,14,-2,True,0.0
1,1,2,0.014285714285714235,0.014285714285714235,14,-2,True,0.0
2,1,0,0.014285714285714235,0.028174603174603186,19,-1,True,0.01388888888888895
2,1,1,0.028174603174603186,0.028174603174603186,19,-1,True,0.0
2,1,2,0.028174603174603186,0.02857142857142858,19,-1,True,0.0003968253968253954
3,1,0,0.028174603174603186,0.028174603174603186,3,-1,True,0.0
3,1,1,0.028174603174603186,0.014285714285714235,3,-1,True,-0.01388888888888895
3,1,2,0.014285714285714235,0.014285714285714235,3,-1,True,0.0
4,1,0,0.014285714285714235,0.028174603174603186,11,-1,True,0.01388888888888895
4,1,1,0.028174603174603186,0.014285714285714235,11,-1,True,-0.01388888888888895
4,1,2,0.014285714285714235,0.02857142857142858,11,-1,True,0.014285714285714346
5,1,0,0.014285714285714235,0.014285714285714235,7,-1,True,0.0
5,1,1,0.028174603174603186,0.028174603174603186,7,-1,True,0.0
5,1,2,0.014285714285714235,0.014285714285714235,7,-1,True,0.0
6,1,0,0.028174603174603186,0.014285714285714235,14,-2,True,-0.01388888888888895
6,1,1,0.028174603174603186,0.028174603174603186,14,-2,True,0.0
6,1,2,0.028174603174603186,0.014285714285714235,14,-2,True,-0.01388888888888895
7,1,0,0.014285714285714235,0.028174603174603186,7,-1,True,0.01388888888888895
7,1,1,0.028174603174603186,0.028174603174603186,7,-1,True,0.0
7,1,2,0.014285714285714235,0.028174603174603186,7,-1,True,0.01388888888888895
8,1,0,0.028174603174603186,0.028174603174603186,14,-2,True,0.0
8,1,1,0.028174603174603186,0.028174603174603186,14,-2,True,0.0
8,1,2,0.014285714285714235,0.014285714285714235,14,-2,True,0.0
9,1,0,0.014285714285714235,0.014285714285714235,4,0,True,0.0
9,1,1,0.04246031746031753,0.028174603174603186,4,0,True,-0.014285714285714346
9,1,2,0.014285714285714235,0.014285714285714235,4,0,True,0.0
10,1,0,0.028174603174603186,0.028174603174603186,10,-2,True,0.0
10,1,1,0.014285714285714235,0.028174603174603186,10,-2,True,0.01388888888888895
10,1,2,0.028174603174603186,0.028174603174603186,10,-2,True,0.0
11,1,0,0.014285714285714235,0.014285714285714235,4,0,True,0.0
11,1,1,0.028174603174603186,0.028174603174603186,4,0,True,0.0
11,1,2,0.028174603174603186,0.028174603174603186,4,0,True,0.0
12,1,0,0.028174603174603186,0.028174603174603186,7,-1,True,0.0
12,1,1,0.028174603174603186,0.014285714285714235,7,-1,True,-0.01388888888888895
12,1,2,0.028174603174603186,0.028174603174603186,7,-1,True,0.0
13,1,0,0.02857142857142858,0.028174603174603186,10,-2,True,-0.0003968253968253954
13,1,1,0.014285714285714235,0.014285714285714235,10,-2,True,0.0
13,1,2,0.028174603174603186,0.014285714285714235,10,-2,True,-0.01388888888888895
14,1,0,0.028174603174603186,0.028174603174603186,4,0,True,0.0
14,1,1,0.014285714285714235,0.014285714285714235,4,0,True,0.0
14,1,2,0.014285714285714235,0.5,4,0,True,0.48571428571428577
15,1,0,0.028174603174603186,0.028174603174603186,3,-1,True,0.0
15,1,1,0.028174603174603186,0.028174603174603186,3,-1,True,0.0
15,1,2,0.028174603174603186,0.014285714285714235,3,-1,True,-0.01388888888888895
16,1,0,0.028174603174603186,0.014285714285714235,18,-2,True,-0.01388888888888895
16,1,1,0.014285714285714235,0.02857142857142858,18,-2,True,0.014285714285714346
16,1,2,0.028174603174603186,0.028174603174603186,18,-2,True,0.0
17,1,0,0.028174603174603186,0.014285714285714235,8,0,True,-0.01388888888888895
17,1,1,0.04246031746031753,0.028174603174603186,8,0,True,-0.014285714285714346
17,1,2,0.028174603174603186,0.04246031746031753,8,0,True,0.014285714285714346
18,1,0,0.028174603174603186,0.028174603174603186,11,-1,True,0.0
18,1,1,0.028174603174603186,0.028174603174603186,11,-1,True,0.0
18,1,2,0.028174603174603186,0.028174603174603186,11,-1,True,0.0
19,1,0,0.028174603174603186,0.014285714285714235,3,-1,True,-0.01388888888888895
19,1,1,0.014285714285714235,0.028174603174603186,3,-1,True,0.01388888888888895
19,1,2,0.028174603174603186,0.028174603174603186,3,-1,True,0.0
0,2,0,0.05634920634920637,0.05634920634920637,7,-1,True,0.0
0,2,1,0.05634920634920637,0.05634920634920637,7,-1,True,0.0
0,2,2,0.05634920634920637,0.05634920634920637,7,-1,True,0.0
1,2,0,0.04246031746031753,0.02857142857142858,14,-2,True,-0.01388888888888895
1,2,1,0.02857142857142858,0.02857142857142858,14,-2,True,0.0
1,2,2,0.028174603174603186,0.042063492063492136,14,-2,True,0.01388888888888895
2,2,0,0.042063492063492136,0.042063492063492136,19,-1,True,0.0
2,2,1,0.05634920634920637,0.05634920634920637,19,-1,True,0.0
2,2,2,0.05634920634920637,0.042063492063492136,19,-1,True,-0.014285714285714235
3,2,0,0.042063492063492136,0.05634920634920637,3,-1,True,0.014285714285714235
3,2,1,0.05634920634920637,0.05634920634920637,3,-1,True,0.0
3,2,2,0.05634920634920637,0.05634920634920637,3,-1,True,0.0
4,2,0,0.05634920634920637,0.05634920634920637,11,-1,True,0.0
4,2,1,0.042063492063492136,0.04246031746031753,11,-1,True,0.0003968253968253954
4,2,2,0.04246031746031753,0.04246031746031753,11,-1,True,0.0
5,2,0,0.014285714285714235,0.04246031746031753,7,-1,True,0.028174603174603297
5,2,1,0.05634920634920637,0.04246031746031753,7,-1,True,-0.01388888888888884
5,2,2,0.05634920634920637,0.042063492063492136,7,-1,True,-0.014285714285714235
6,2,0,0.05634920634920637,0.042063492063492136,14,-2,True,-0.014285714285714235
6,2,1,0.05634920634920637,0.05634920634920637,14,-2,True,0.0
6,2,2,0.05634920634920637,0.05634920634920637,14,-2,True,0.0
7,2,0,0.02857142857142858,0.05634920634920637,7,-1,True,0.02777777777777779
7,2,1,0.042063492063492136,0.05634920634920637,7,-1,True,0.014285714285714235
7,2,2,0.02857142857142858,0.05634920634920637,7,-1,True,0.02777777777777779
8,2,0,0.05634920634920637,0.028174603174603186,14,-2,True,-0.028174603174603186
8,2,1,0.05634920634920637,0.042063492063492136,14,-2,True,-0.014285714285714235
8,2,2,0.04246031746031753,0.04246031746031753,14,-2,True,0.0
9,2,0,0.042063492063492136,0.042063492063492136,4,0,True,0.0
9,2,1,0.05634920634920637,0.05634920634920637,4,0,True,0.0
9,2,2,0.05634920634920637,0.05634920634920637,4,0,True,0.0
10,2,0,0.05634920634920637,0.05634920634920637,10,-2,True,0.0
10,2,1,0.04246031746031753,0.05634920634920637,10,-2,True,0.01388888888888884
10,2,2,0.042063492063492136,0.042063492063492136,10,-2,True,0.0
11,2,0,0.04246031746031753,0.04246031746031753,4,0,True,0.0
11,2,1,0.04246031746031753,0.04246031746031753,4,0,True,0.0
11,2,2,0.028174603174603186,0.04246031746031753,4,0,True,0.014285714285714346
12,2,0,0.04246031746031753,0.04246031746031753,7,-1,True,0.0
12,2,1,0.05634920634920637,0.042063492063492136,7,-1,True,-0.014285714285714235
12,2,2,0.05634920634920637,0.042063492063492136,7,-1,True,-0.014285714285714235
13,2,0,0.05634920634920637,0.05634920634920637,10,-2,True,0.0
13,2,1,0.028174603174603186,0.042063492063492136,10,-2,True,0.01388888888888895
13,2,2,0.05634920634920637,0.05634920634920637,10,-2,True,0.0
14,2,0,0.04246031746031753,0.04246031746031753,4,0,True,0.0
14,2,1,0.042063492063492136,0.042063492063492136,4,0,True,0.0
14,2,2,0.028174603174603186,0.5,4,0,True,0.4718253968253968
15,2,0,0.04246031746031753,0.04246031746031753,3,-1,True,0.0
15,2,1,0.04246031746031753,0.02857142857142858,3,-1,True,-0.01388888888888895
15,2,2,0.04246031746031753,0.04246031746031753,3,-1,True,0.0
16,2,0,0.05634920634920637,0.028174603174603186,18,-2,True,-0.028174603174603186
16,2,1,0.042063492063492136,0.042063492063492136,18,-2,True,0.0
16,2,2,0.042063492063492136,0.042063492063492136,18,-2,True,0.0
17,2,0,0.05634920634920637,0.042063492063492136,8,0,True,-0.014285714285714235
17,2,1,0.02857142857142858,0.02857142857142858,8,0,True,0.0
17,2,2,0.04246031746031753,0.04246031746031753,8,0,True,0.0
18,2,0,0.05634920634920637,0.05634920634920637,11,-1,True,0.0
18,2,1,0.042063492063492136,0.042063492063492136,11,-1,True,0.0
18,2,2,0.04246031746031753,0.04246031746031753,11,-1,True,0.0
19,2,0,0.05634920634920637,0.04246031746031753,3,-1,True,-0.01388888888888884
19,2,1,0.04246031746031753,0.04246031746031753,3,-1,True,0.0
19,2,2,0.5,0.05634920634920637,3,-1,True,-0.44365079365079363
0,3,0,0.02777777777777779,0.02777777777777779,7,-1,True,0.0
0,3,1,0.02777777777777779,0.02777777777777779,7,-1,True,0.0
0,3,2,0.014285714285714235,0.014285714285714235,7,-1,True,0.0
1,3,0,0.014285714285714235,0.014285714285714235,14,-2,True,0.0
1,3,1,0.01388888888888884,0.01388888888888884,14,-2,True,0.0
1,3,2,0.014285714285714235,0.01388888888888884,14,-2,True,-0.0003968253968253954
2,3,0,0.01388888888888884,0.01388888888888884,19,-1,True,0.0
2,3,1,0.01388888888888884,0.01388888888888884,19,-1,True,0.0
2,3,2,0.01388888888888884,0.01388888888888884,19,-1,True,0.0
3,3,0,0.01388888888888884,0.028174603174603186,3,-1,True,0.014285714285714346
3,3,1,0.01388888888888884,0.028174603174603186,3,-1,True,0.014285714285714346
3,3,2,0.01388888888888884,0.01388888888888884,3,-1,True,0.0
4,3,0,0.028174603174603186,0.028174603174603186,11,-1,True,0.0
4,3,1,0.01388888888888884,0.028174603174603186,11,-1,True,0.014285714285714346
4,3,2,0.028174603174603186,0.01388888888888884,11,-1,True,-0.014285714285714346
5,3,0,0.01388888888888884,0.01388888888888884,7,-1,True,0.0
5,3,1,0.02777777777777779,0.02777777777777779,7,-1,True,0.0
5,3,2,0.028174603174603186,0.028174603174603186,7,-1,True,0.0
6,3,0,0.02777777777777779,0.028174603174603186,14,-2,True,0.0003968253968253954
6,3,1,0.014285714285714235,0.014285714285714235,14,-2,True,0.0
6,3,2,0.028174603174603186,0.01388888888888884,14,-2,True,-0.014285714285714346
7,3,0,0.028174603174603186,0.01388888888888884,7,-1,True,-0.014285714285714346
7,3,1,0.01388888888888884,0.02777777777777779,7,-1,True,0.01388888888888895
7,3,2,0.01388888888888884,0.01388888888888884,7,-1,True,0.0
8,3,0,0.028174603174603186,0.01388888888888884,14,-2,True,-0.014285714285714346
8,3,1,0.01388888888888884,0.014285714285714235,14,-2,True,0.0003968253968253954
8,3,2,0.01388888888888884,0.01388888888888884,14,-2,True,0.0
9,3,0,0.01388888888888884,0.01388888888888884,4,0,True,0.0
9,3,1,0.02777777777777779,0.01388888888888884,4,0,True,-0.01388888888888895
9,3,2,0.01388888888888884,0.01388888888888884,4,0,True,0.0
10,3,0,0.028174603174603186,0.028174603174603186,10,-2,True,0.0
10,3,1,0.028174603174603186,0.028174603174603186,10,-2,True,0.0
10,3,2,0.028174603174603186,0.01388888888888884,10,-2,True,-0.014285714285714346
11,3,0,0.01388888888888884,0.01388888888888884,4,0,True,0.0
11,3,1,0.01388888888888884,0.01388888888888884,4,0,True,0.0
11,3,2,0.028174603174603186,0.0,4,0,True,-0.028174603174603186
12,3,0,0.01388888888888884,0.01388888888888884,7,-1,True,0.0
12,3,1,0.01388888888888884,0.01388888888888884,7,-1,True,0.0
12,3,2,0.01388888888888884,0.02777777777777779,7,-1,True,0.01388888888888895
13,3,0,0.01388888888888884,0.01388888888888884,10,-2,True,0.0
13,3,1,0.01388888888888884,0.01388888888888884,10,-2,True,0.0
13,3,2,0.01388888888888884,0.01388888888888884,10,-2,True,0.0
14,3,0,0.01388888888888884,0.01388888888888884,4,0,True,0.0
14,3,1,0.01388888888888884,0.02777777777777779,4,0,True,0.01388888888888895
14,3,2,0.01388888888888884,0.01388888888888884,4,0,True,0.0
15,3,0,0.01388888888888884,0.01388888888888884,3,-1,True,0.0
15,3,1,0.01388888888888884,0.01388888888888884,3,-1,True,0.0
15,3,2,0.02777777777777779,0.01388888888888884,3,-1,True,-0.01388888888888895
16,3,0,0.01388888888888884,0.02777777777777779,18,-2,True,0.01388888888888895
16,3,1,0.02777777777777779,0.02777777777777779,18,-2,True,0.0
16,3,2,0.014285714285714235,0.014285714285714235,18,-2,True,0.0
17,3,0,0.01388888888888884,0.01388888888888884,8,0,True,0.0
17,3,1,0.02777777777777779,0.01388888888888884,8,0,True,-0.01388888888888895
17,3,2,0.028174603174603186,0.028174603174603186,8,0,True,0.0
18,3,0,0.01388888888888884,0.01388888888888884,11,-1,True,0.0
18,3,1,0.02777777777777779,0.02777777777777779,11,-1,True,0.0
18,3,2,0.028174603174603186,0.014285714285714235,11,-1,True,-0.01388888888888895
19,3,0,0.014285714285714235,0.014285714285714235,3,-1,True,0.0
19,3,1,0.01388888888888884,0.01388888888888884,3,-1,True,0.0
19,3,2,0.01388888888888884,0.01388888888888884,3,-1,True,0.0
0,4,0,0.014285714285714235,0.014285714285714235,7,-1,True,0.0
0,4,1,0.0,0.0,7,-1,True,0.0
0,4,2,0.02857142857142858,0.014285714285714235,7,-1,True,-0.014285714285714346
1,4,0,0.014285714285714235,0.014285714285714235,14,-2,True,0.0
1,4,1,0.014285714285714235,0.014285714285714235,14,-2,True,0.0
1,4,2,0.014285714285714235,0.0,14,-2,True,-0.014285714285714235
2,4,0,0.0,0.0,19,-1,True,0.0
2,4,1,0.014285714285714235,0.014285714285714235,19,-1,True,0.0
2,4,2,0.0,0.014285714285714235,19,-1,True,0.014285714285714235
3,4,0,0.014285714285714235,0.014285714285714235,3,-1,True,0.0
3,4,1,0.014285714285714235,0.02857142857142858,3,-1,True,0.014285714285714346
3,4,2,0.014285714285714235,0.0,3,-1,True,-0.014285714285714235
4,4,0,0.014285714285714235,0.02857142857142858,11,-1,True,0.014285714285714346
4,4,1,0.02857142857142858,0.014285714285714235,11,-1,True,-0.014285714285714346
4,4,2,0.014285714285714235,0.014285714285714235,11,-1,True,0.0
5,4,0,0.014285714285714235,0.014285714285714235,7,-1,True,0.0
5,4,1,0.014285714285714235,0.0,7,-1,True,-0.014285714285714235
5,4,2,0.014285714285714235,0.02857142857142858,7,-1,True,0.014285714285714346
6,4,0,0.014285714285714235,0.014285714285714235,14,-2,True,0.0
6,4,1,0.014285714285714235,0.014285714285714235,14,-2,True,0.0
6,4,2,0.0,0.0,14,-2,True,0.0
7,4,0,0.014285714285714235,0.0,7,-1,True,-0.014285714285714235
7,4,1,0.014285714285714235,0.014285714285714235,7,-1,True,0.0
7,4,2,0.014285714285714235,0.014285714285714235,7,-1,True,0.0
8,4,0,0.014285714285714235,0.014285714285714235,14,-2,True,0.0
8,4,1,0.014285714285714235,0.014285714285714235,14,-2,True,0.0
8,4,2,0.0,0.0,14,-2,True,0.0
9,4,0,0.04285714285714293,0.014285714285714235,4,0,True,-0.028571428571428692
9,4,1,0.0,0.0,4,0,True,0.0
9,4,2,0.014285714285714235,0.014285714285714235,4,0,True,0.0
10,4,0,0.014285714285714235,0.014285714285714235,10,-2,True,0.0
10,4,1,0.02857142857142858,0.014285714285714235,10,-2,True,-0.014285714285714346
10,4,2,0.014285714285714235,0.014285714285714235,10,-2,True,0.0
11,4,0,0.014285714285714235,0.014285714285714235,4,0,True,0.0
11,4,1,0.014285714285714235,0.014285714285714235,4,0,True,0.0
11,4,2,0.0,0.014285714285714235,4,0,True,0.014285714285714235
12,4,0,0.0,0.0,7,-1,True,0.0
12,4,1,0.014285714285714235,0.014285714285714235,7,-1,True,0.0
12,4,2,0.014285714285714235,0.0,7,-1,True,-0.014285714285714235
13,4,0,0.0,0.014285714285714235,10,-2,True,0.014285714285714235
13,4,1,0.014285714285714235,0.014285714285714235,10,-2,True,0.0
13,4,2,0.014285714285714235,0.014285714285714235,10,-2,True,0.0
14,4,0,0.014285714285714235,0.014285714285714235,4,0,True,0.0
14,4,1,0.02857142857142858,0.014285714285714235,4,0,True,-0.014285714285714346
14,4,2,0.014285714285714235,0.02857142857142858,4,0,True,0.014285714285714346
15,4,0,0.014285714285714235,0.014285714285714235,3,-1,True,0.0
15,4,1,0.014285714285714235,0.014285714285714235,3,-1,True,0.0
15,4,2,0.014285714285714235,0.014285714285714235,3,-1,True,0.0
16,4,0,0.014285714285714235,0.0,18,-2,True,-0.014285714285714235
16,4,1,0.014285714285714235,0.014285714285714235,18,-2,True,0.0
16,4,2,0.014285714285714235,0.014285714285714235,18,-2,True,0.0
17,4,0,0.0,0.0,8,0,True,0.0
17,4,1,0.014285714285714235,0.014285714285714235,8,0,True,0.0
17,4,2,0.014285714285714235,0.014285714285714235,8,0,True,0.0
18,4,0,0.014285714285714235,0.014285714285714235,11,-1,True,0.0
18,4,1,0.0,0.0,11,-1,True,0.0
18,4,2,0.04285714285714293,0.04285714285714293,11,-1,True,0.0
19,4,0,0.014285714285714235,0.014285714285714235,3,-1,True,0.0
19,4,1,0.028174603174603186,0.02857142857142858,3,-1,True,0.0003968253968253954
19,4,2,0.014285714285714235,0.014285714285714235,3,-1,True,0.0
