pair,block,seed,entangled_logloss,product_logloss,depth_diff,param_count_preserved,diff_product_minus_entangled
0,0,0,0.7530275541070804,0.729015815136953,3,True,-0.024011738970127428
0,0,1,0.7373297169222848,0.737810043190801,3,True,0.00048032626851624016
1,0,0,0.7663237225192064,0.752962633832539,6,True,-0.01336108868666741
1,0,1,0.7778165651262409,0.7568822124112047,6,True,-0.020934352715036186
2,0,0,0.7707995987859966,0.7767429114322202,3,True,0.0059433126462236086
2,0,1,0.7860867543822558,0.744085418557106,3,True,-0.042001335825149866
3,0,0,0.7307420630800334,0.7307420630800334,6,True,0.0
3,0,1,0.735905702860095,0.735905702860095,6,True,0.0
4,0,0,0.8024252641908785,0.7212546919040826,3,True,-0.0811705722867958
4,0,1,0.7456584366748638,0.7304812194652627,3,True,-0.01517721720960108
5,0,0,0.7666069166583056,0.7420431706261726,3,True,-0.02456374603213296
5,0,1,0.7416855544647126,0.7322484512416916,3,True,-0.009437103223021048
6,0,0,0.7580324307107967,0.7379507818908692,3,True,-0.020081648819927578
6,0,1,0.7715980917086874,0.7484418290989253,3,True,-0.023156262609762113
7,0,0,0.7534888732880481,0.7744459306271727,6,True,0.020957057339124563
7,0,1,0.7664104518629042,0.7313779924299795,6,True,-0.03503245943292477
8,0,0,0.7131131348189228,0.7131131348189228,3,True,0.0
8,0,1,0.8030431515005537,0.8030431515005536,3,True,-1.1102230246251565e-16
9,0,0,0.7597804137540682,0.7578293371616485,3,True,-0.001951076592419776
9,0,1,0.7621860521278764,0.7435330690219175,3,True,-0.018652983105958865
10,0,0,0.7691016636251029,0.7699528618455709,3,True,0.0008511982204679747
10,0,1,0.7536118503580362,0.7562232117965526,3,True,0.0026113614385163686
11,0,0,0.7536804780050732,0.7263278007129667,3,True,-0.027352677292106553
11,0,1,0.7555469522955706,0.7594597178867589,3,True,0.003912765591188361
12,0,0,0.7552111790053175,0.7917386807266976,3,True,0.036527501721380085
12,0,1,0.7780536264786404,0.7631306117139752,3,True,-0.014923014764665177
13,0,0,0.7429898949442773,0.7547519608508049,3,True,0.011762065906527619
13,0,1,0.8046192777472801,0.7624493213027331,3,True,-0.04216995644454702
14,0,0,0.7518463833881042,0.7664131896518358,6,True,0.014566806263731635
14,0,1,0.7628356641374672,0.71837320403906,6,True,-0.04446246009840715
15,0,0,0.7276018744473844,0.7276018744473844,9,True,0.0
15,0,1,0.7208252521001197,0.7208252521001197,9,True,0.0
16,0,0,0.7689448927270708,0.7689448927270702,3,True,-5.551115123125783e-16
16,0,1,0.7303657783863912,0.7303657783863912,3,True,0.0
17,0,0,0.7430451838914114,0.7430451838914114,3,True,0.0
17,0,1,0.7208295990636334,0.7208295990636334,3,True,0.0
18,0,0,0.738560139076813,0.7298493169509663,3,True,-0.008710822125846618
18,0,1,0.782494226029192,0.7459098372811807,3,True,-0.0365843887480114
19,0,0,0.7664292491719763,0.729632304040452,3,True,-0.03679694513152432
19,0,1,0.7664924263434895,0.7610134254415775,3,True,-0.005479000901912001
0,1,0,0.727948607430208,0.7161678735294491,3,True,-0.011780733900758844
0,1,1,0.7255457916978101,0.7017989448250775,3,True,-0.02374684687273254
1,1,0,0.7264262866608902,0.7116194258964579,6,True,-0.014806860764432273
1,1,1,0.7645150438554178,0.7451202292209299,6,True,-0.01939481463448789
2,1,0,0.7154814175761507,0.7044196161578782,3,True,-0.01106180141827251
2,1,1,0.700100272142473,0.6977352411834169,3,True,-0.002365030959056047
3,1,0,0.7145953431363667,0.7145953431363667,6,True,0.0
3,1,1,0.7135252657208503,0.7135252657208503,6,True,0.0
4,1,0,0.7394740393975164,0.7222457930419554,3,True,-0.017228246355561083
4,1,1,0.7165100244870805,0.7072530204021461,3,True,-0.00925700408493435
5,1,0,0.7273370247034451,0.7071430107972523,3,True,-0.020194013906192798
5,1,1,0.706599229832223,0.7042275838304853,3,True,-0.0023716460017376706
6,1,0,0.7205670675418744,0.7077150633602475,3,True,-0.012852004181626908
6,1,1,0.729715870990787,0.7158226274870335,3,True,-0.013893243503753538
7,1,0,0.7204679928730666,0.7019019798046287,6,True,-0.01856601306843797
7,1,1,0.7134884633331884,0.7177511289546711,6,True,0.0042626656214826975
8,1,0,0.7034949672589912,0.7034949672589913,3,True,1.1102230246251565e-16
8,1,1,0.7189297007610489,0.718929700761049,3,True,1.1102230246251565e-16
9,1,0,0.7264054725665731,0.7132498255057301,3,True,-0.013155647060842934
9,1,1,0.7235870979475817,0.7048819773318603,3,True,-0.018705120615721382
10,1,0,0.7104454952677818,0.7259320876606573,3,True,0.015486592392875531
10,1,1,0.7285732044283905,0.7056147368035315,3,True,-0.02295846762485898
11,1,0,0.7302518631515281,0.7170738560836175,3,True,-0.013178007067910613
11,1,1,0.7193727191123526,0.7086106839812804,3,True,-0.010762035131072212
12,1,0,0.7548365841275897,0.7296616726933032,3,True,-0.025174911434286518
12,1,1,0.738246347008289,0.7338023590805942,3,True,-0.004443987927694737
13,1,0,0.7354144250554675,0.7203176243366579,3,True,-0.015096800718809589
13,1,1,0.7257066483269105,0.7426381823507656,3,True,0.016931534023855166
14,1,0,0.7350889773496211,0.734320911966701,6,True,-0.000768065382920069
14,1,1,0.7256522665415044,0.716064819919158,6,True,-0.00958744662234634
15,1,0,0.7069958254362462,0.7069958254362461,9,True,-1.1102230246251565e-16
15,1,1,0.7107759040348933,0.7107759040348931,9,True,-2.220446049250313e-16
16,1,0,0.7180546414198958,0.7180546414198957,3,True,-1.1102230246251565e-16
16,1,1,0.7280289328582019,0.7280289328582019,3,True,0.0
17,1,0,0.7022680682833344,0.7022680682833348,3,True,3.3306690738754696e-16
17,1,1,0.7114272173151062,0.7114272173151062,3,True,0.0
18,1,0,0.7233637635051914,0.7207280732071205,3,True,-0.0026356902980708696
18,1,1,0.7446462963134345,0.7046413029934583,3,True,-0.0400049933199762
19,1,0,0.7190458375832779,0.7192919455787,3,True,0.000246107995422129
19,1,1,0.7340066057313527,0.719790406926191,3,True,-0.014216198805161673
0,2,0,0.7412049115644329,0.7272647111376306,3,True,-0.01394020042680233
0,2,1,0.7295422692173292,0.7212428447553234,3,True,-0.008299424462005822
1,2,0,0.7608805533620654,0.7151466572825279,6,True,-0.045733896079537484
1,2,1,0.7517524699292457,0.7342057945552639,6,True,-0.0175466753739818
2,2,0,0.720078618448187,0.7340719248441113,3,True,0.013993306395924332
2,2,1,0.7426863699206161,0.7100957553724738,3,True,-0.03259061454814227
3,2,0,0.7189525414097447,0.7189525414097447,6,True,0.0
3,2,1,0.7070897811341856,0.7070897811341856,6,True,0.0
4,2,0,0.7505521942425812,0.7256776797097941,3,True,-0.024874514532787106
4,2,1,0.7283067093023529,0.7354524825582718,3,True,0.007145773255918919
5,2,0,0.7307309621769554,0.723509088063115,3,True,-0.007221874113840454
5,2,1,0.7313229418146125,0.7143937304621593,3,True,-0.01692921135245329
6,2,0,0.7434098481481091,0.7231376284332002,3,True,-0.02027221971490889
6,2,1,0.7518021028820006,0.7105480249915881,3,True,-0.041254077890412466
7,2,0,0.7429245788263429,0.7418376678417885,6,True,-0.001086910984554379
7,2,1,0.7431131865583609,0.7171685706265161,6,True,-0.025944615931844828
8,2,0,0.7314475167639831,0.7314475167639832,3,True,1.1102230246251565e-16
8,2,1,0.719668024514793,0.719668024514793,3,True,0.0
9,2,0,0.7372415335391459,0.7209893294149076,3,True,-0.016252204124238334
9,2,1,0.7163585762037001,0.710140091931329,3,True,-0.00621848427237115
10,2,0,0.7335526208213426,0.7188159300864467,3,True,-0.014736690734895919
10,2,1,0.745190659781808,0.7278852203452777,3,True,-0.01730543943653029
11,2,0,0.7273999018470981,0.7136890650140352,3,True,-0.013710836833062956
11,2,1,0.7283971105212249,0.7107304174225457,3,True,-0.017666693098679187
12,2,0,0.7460262747190142,0.7306582490489303,3,True,-0.015368025670083885
12,2,1,0.7223122841559452,0.729529424109762,3,True,0.007217139953816787
13,2,0,0.7326282483291582,0.7199521013314009,3,True,-0.01267614699775732
13,2,1,0.7484395167633688,0.7258150309034136,3,True,-0.022624485859955246
14,2,0,0.7406133272564107,0.7080716529678568,6,True,-0.03254167428855392
14,2,1,0.7516221286716188,0.7371388909759565,6,True,-0.014483237695662288
15,2,0,0.7170883168128936,0.7170883168128938,9,True,1.1102230246251565e-16
15,2,1,0.7140115781212316,0.7140115781212316,9,True,0.0
16,2,0,0.734601027212083,0.734601027212083,3,True,0.0
16,2,1,0.7440101162526241,0.7440101162526244,3,True,2.220446049250313e-16
17,2,0,0.7383238721041152,0.7383238721041152,3,True,0.0
17,2,1,0.7074569825452927,0.7074569825452927,3,True,0.0
18,2,0,0.7331027202627736,0.7230175683229121,3,True,-0.01008515193986148
18,2,1,0.7420931144259253,0.7275152526133141,3,True,-0.014577861812611226
19,2,0,0.7227222835029581,0.7079907715058991,3,True,-0.014731511997059021
19,2,1,0.7348066397109908,0.7256339846402684,3,True,-0.009172655070722402
0,3,0,0.7247513504027806,0.7397767563113625,3,True,0.015025405908581924
0,3,1,0.7478253634280085,0.7338675072896185,3,True,-0.013957856138390068
1,3,0,0.7791032331754127,0.7418052634757479,6,True,-0.03729796969966481
1,3,1,0.7403365442942094,0.7479859651781176,6,True,0.007649420883908187
2,3,0,0.7578526105568725,0.7408829440145825,3,True,-0.01696966654228993
2,3,1,0.7447412143919442,0.7123559678302193,3,True,-0.03238524656172492
3,3,0,0.7231326049911668,0.7231326049911668,6,True,0.0
3,3,1,0.7083682480966002,0.7083682480966002,6,True,0.0
4,3,0,0.7492818489902006,0.7366420014194355,3,True,-0.012639847570765084
4,3,1,0.7628955637078464,0.7307481994844522,3,True,-0.03214736422339415
5,3,0,0.7359055547949114,0.7289621278384776,3,True,-0.006943426956433796
5,3,1,0.7265410237371941,0.7261083005943565,3,True,-0.00043272314283759883
6,3,0,0.7854880139938544,0.7140407678030516,3,True,-0.07144724619080278
6,3,1,0.7601476822835135,0.7555443830171962,3,True,-0.004603299266317307
7,3,0,0.7605053719700188,0.7643655519893842,6,True,0.003860180019365389
7,3,1,0.7362726881905539,0.7450094960233606,6,True,0.008736807832806726
8,3,0,0.721103855241803,0.721103855241803,3,True,0.0
8,3,1,0.7384182811565464,0.7384182811565438,3,True,-2.55351295663786e-15
9,3,0,0.7454795640858686,0.7516779590413116,3,True,0.006198394955443054
9,3,1,0.743758876720784,0.7358455306042406,3,True,-0.007913346116543374
10,3,0,0.7683580799300441,0.7510448443069037,3,True,-0.017313235623140466
10,3,1,0.7500423136799252,0.7604878433073706,3,True,0.010445529627445382
11,3,0,0.7354077539353211,0.7447534448911438,3,True,0.009345690955822716
11,3,1,0.7414758149351756,0.7304431193524721,3,True,-0.011032695582703478
12,3,0,0.7494150169970571,0.7571692683277146,3,True,0.007754251330657436
12,3,1,0.7696791556040945,0.7282537961812011,3,True,-0.04142535942289338
13,3,0,0.7575878175321495,0.7590920872470615,3,True,0.00150426971491191
13,3,1,0.7419594509098011,0.7498569133780751,3,True,0.007897462468274052
14,3,0,0.7666147791087549,0.7442342885044836,6,True,-0.022380490604271275
14,3,1,0.7735799478166944,0.7591405006273789,6,True,-0.014439447189315446
15,3,0,0.7318480367463421,0.7318480367463484,9,True,6.217248937900877e-15
15,3,1,0.7201757183275806,0.7201757183275808,9,True,1.1102230246251565e-16
16,3,0,0.7398150671079691,0.7398150671079691,3,True,0.0
16,3,1,0.7546594915960513,0.7546594915960513,3,True,0.0
17,3,0,0.7398155896008166,0.7398155896008166,3,True,0.0
17,3,1,0.7232866643105047,0.7232866643105045,3,True,-2.220446049250313e-16
18,3,0,0.7630225276433393,0.7492457120727168,3,True,-0.013776815570622492
18,3,1,0.7350022189665346,0.7350184975328851,3,True,1.627856635044722e-05
19,3,0,0.7691964701479305,0.7432148154217536,3,True,-0.02598165472617686
19,3,1,0.7517867864384818,0.7490468627094203,3,True,-0.002739923729061511
0,4,0,0.7141893746676297,0.7059445566015006,3,True,-0.00824481806612909
0,4,1,0.7147964844403909,0.6960917817022833,3,True,-0.018704702738107648
1,4,0,0.7363510938576583,0.7375375933531291,6,True,0.001186499495470783
1,4,1,0.7453069102667846,0.724466427719334,6,True,-0.020840482547450634
2,4,0,0.7166167678945136,0.7028163791589427,3,True,-0.013800388735570879
2,4,1,0.706663227922556,0.7038064970947465,3,True,-0.0028567308278094616
3,4,0,0.699173302911558,0.699173302911558,6,True,0.0
3,4,1,0.7098621706349896,0.7098621706349898,6,True,2.220446049250313e-16
4,4,0,0.7070493131445539,0.7103186561249322,3,True,0.003269342980378287
4,4,1,0.7186032862919806,0.7158420235891456,3,True,-0.0027612627028349435
5,4,0,0.7236518432057988,0.7114363715547798,3,True,-0.012215471651018994
5,4,1,0.7045959139060419,0.7062686720710907,3,True,0.0016727581650487489
6,4,0,0.7492565517635417,0.7191002731672881,3,True,-0.030156278596253583
6,4,1,0.7449110394338091,0.7065018716835859,3,True,-0.03840916775022318
7,4,0,0.7170023027782124,0.7063838521827442,6,True,-0.010618450595468176
7,4,1,0.7275056311620991,0.7143387869338967,6,True,-0.013166844228202357
8,4,0,0.6967051700068265,0.6967051700068266,3,True,1.1102230246251565e-16
8,4,1,0.7070069815472408,0.7070069815472408,3,True,0.0
9,4,0,0.7030807163780355,0.6961396850781616,3,True,-0.00694103129987389
9,4,1,0.7107731652149509,0.7167389977623043,3,True,0.005965832547353389
10,4,0,0.7073201328225702,0.7353152540657546,3,True,0.027995121243184373
10,4,1,0.7238191887700178,0.7032868279462879,3,True,-0.02053236082372989
11,4,0,0.7394833827748742,0.7022271864777444,3,True,-0.03725619629712984
11,4,1,0.7113227427072423,0.7203153456008307,3,True,0.008992602893588386
12,4,0,0.7503713256532708,0.7219377661399466,3,True,-0.028433559513324158
12,4,1,0.739980030078071,0.7290124778607268,3,True,-0.010967552217344245
13,4,0,0.7107496880018495,0.7280661183291463,3,True,0.017316430327296795
13,4,1,0.7218544428142792,0.7149580718370516,3,True,-0.006896370977227617
14,4,0,0.72695512842437,0.7176972601964736,6,True,-0.009257868227896426
14,4,1,0.7144021543101876,0.7015882941756001,6,True,-0.012813860134587518
15,4,0,0.7021175183118139,0.7021175183118139,9,True,0.0
15,4,1,0.7122701434572283,0.7122701434572282,9,True,-1.1102230246251565e-16
16,4,0,0.73008059943404,0.7300805994340401,3,True,1.1102230246251565e-16
16,4,1,0.7293655845032615,0.7293655845032615,3,True,0.0
17,4,0,0.6952731664771,0.6952731664771,3,True,0.0
17,4,1,0.7070814864941756,0.7070814864941756,3,True,0.0
18,4,0,0.7317122890334394,0.7179734994369434,3,True,-0.013738789596495993
18,4,1,0.754081282796735,0.7392682610653942,3,True,-0.014813021731340803
19,4,0,0.7032961157462219,0.702699659315781,3,True,-0.0005964564304408171
19,4,1,0.7422083351114889,0.7182285647680278,3,True,-0.023979770343461104
0,5,0,0.7492086340030627,0.7376370254216179,3,True,-0.011571608581444792
0,5,1,0.7248225134229938,0.7122199332136911,3,True,-0.012602580209302605
1,5,0,0.7745662195782959,0.7281135128455201,6,True,-0.046452706732775795
1,5,1,0.7813524667175711,0.7559833687089763,6,True,-0.02536909800859477
2,5,0,0.7477709334931705,0.7159670566482291,3,True,-0.03180387684494135
2,5,1,0.7486916586464595,0.7141311721396464,3,True,-0.03456048650681309
3,5,0,0.7106270086061963,0.7106270086061963,6,True,0.0
3,5,1,0.717566585688703,0.7175665856887034,6,True,3.3306690738754696e-16
4,5,0,0.7562651957547742,0.7461174330058225,3,True,-0.010147762748951794
4,5,1,0.7893414367360975,0.7313368051360815,3,True,-0.05800463160001601
5,5,0,0.7440991752158335,0.7213149255060726,3,True,-0.022784249709760895
5,5,1,0.7400988717861458,0.7324610536465775,3,True,-0.007637818139568209
6,5,0,0.7343152194604673,0.716289730582507,3,True,-0.018025488877960294
6,5,1,0.7269286669470473,0.7287194988699138,3,True,0.0017908319228665537
7,5,0,0.7306613504151244,0.7213943840685029,6,True,-0.009266966346621497
7,5,1,0.7458312434518763,0.7284958315721911,6,True,-0.017335411879685236
8,5,0,0.7129309388319007,0.7129309388319004,3,True,-3.3306690738754696e-16
8,5,1,0.7475455536394278,0.7475455536394278,3,True,0.0
9,5,0,0.7301265306736512,0.7305045151199788,3,True,0.0003779844463276394
9,5,1,0.7247039875704998,0.7179400608833744,3,True,-0.006763926687125443
10,5,0,0.737933279266958,0.7423014996745301,3,True,0.004368220407572121
10,5,1,0.750899479789644,0.7106281736585798,3,True,-0.04027130613106422
11,5,0,0.7481002301941054,0.7493949463915408,3,True,0.001294716197435375
11,5,1,0.7364687256976159,0.7310833707651248,3,True,-0.005385354932491149
12,5,0,0.7679865120333014,0.7318423435882712,3,True,-0.03614416844503021
12,5,1,0.7573059703585833,0.7580284073691195,3,True,0.0007224370105362032
13,5,0,0.7382838653124884,0.7464287785872886,3,True,0.00814491327480027
13,5,1,0.7399682836537136,0.7333766528827012,3,True,-0.0065916307710124356
14,5,0,0.7488212949178538,0.7595369949476614,6,True,0.010715700029807596
14,5,1,0.7287216081139929,0.7425076923665176,6,True,0.0137860842525247
15,5,0,0.7241642905494035,0.7241642905494031,9,True,-3.3306690738754696e-16
15,5,1,0.735931489541576,0.7359314895415761,9,True,1.1102230246251565e-16
16,5,0,0.7536131931316722,0.7536131931316722,3,True,0.0
16,5,1,0.7125569815604614,0.7125569815604615,3,True,1.1102230246251565e-16
17,5,0,0.7175754204478033,0.7175754204478035,3,True,2.220446049250313e-16
17,5,1,0.7272325956424854,0.7272325956424855,3,True,1.1102230246251565e-16
18,5,0,0.7740820420119809,0.7585087274894811,3,True,-0.015573314522499881
18,5,1,0.7589491451911059,0.7230987790236448,3,True,-0.03585036616746107
19,5,0,0.7326972711697114,0.7312449657879802,3,True,-0.0014523053817312448
19,5,1,0.7650987571574698,0.7181095482877937,3,True,-0.04698920886967606
0,6,0,0.7451754277047922,0.7322808694893469,3,True,-0.012894558215445273
0,6,1,0.7052457893920439,0.7241429715881488,3,True,0.018897182196104922
1,6,0,0.7435910973746277,0.7347270252977488,6,True,-0.008864072076878893
1,6,1,0.7592302052376568,0.8015042931874456,6,True,0.04227408794978882
2,6,0,0.7278155977103911,0.7010211029445566,3,True,-0.02679449476583451
2,6,1,0.7152725348660447,0.6964962819834679,3,True,-0.018776252882576783
3,6,0,0.6975414318194237,0.6975414318194237,6,True,0.0
3,6,1,0.7015479748575945,0.7015479748575945,6,True,0.0
4,6,0,0.7236604221135637,0.7298972580918539,3,True,0.006236835978290167
4,6,1,0.7392920232846686,0.6999973922674433,3,True,-0.0392946310172253
5,6,0,0.7203786391700769,0.7114710309664714,3,True,-0.008907608203605588
5,6,1,0.7209492345218048,0.7288407481622845,3,True,0.007891513640479686
6,6,0,0.7220035329989095,0.7094589983911486,3,True,-0.012544534607760949
6,6,1,0.7619527440276581,0.7166847038782695,3,True,-0.045268040149388566
7,6,0,0.7754235606174028,0.7319316265867475,6,True,-0.04349193403065532
7,6,1,0.7409726804981982,0.726301401720351,6,True,-0.014671278777847241
8,6,0,0.7270321909957101,0.7270321909957101,3,True,0.0
8,6,1,0.7260408610450272,0.7260408610450273,3,True,1.1102230246251565e-16
9,6,0,0.7295624016323504,0.7171709565213852,3,True,-0.012391445110965238
9,6,1,0.7154129529448067,0.7081540028175967,3,True,-0.0072589501272100065
10,6,0,0.7371716240535087,0.7425421290135285,3,True,0.005370504960019784
10,6,1,0.7312388369293182,0.7056669423385197,3,True,-0.02557189459079856
11,6,0,0.7376092219126182,0.730083027205871,3,True,-0.007526194706747202
11,6,1,0.7190593042641199,0.7276946293075587,3,True,0.00863532504343878
12,6,0,0.7440326851227784,0.7382055556316687,3,True,-0.00582712949110975
12,6,1,0.72555789976272,0.7351072218215424,3,True,0.009549322058822418
13,6,0,0.7304763313000824,0.7425552986884879,3,True,0.012078967388405526
13,6,1,0.754072672657034,0.7170182344406733,3,True,-0.037054438216360785
14,6,0,0.7382966406572622,0.7262976427279698,6,True,-0.011998997929292377
14,6,1,0.7541942335379395,0.7258110378513442,6,True,-0.02838319568659531
15,6,0,0.7206585466774466,0.7206585466774467,9,True,1.1102230246251565e-16
15,6,1,0.7060220785323859,0.7060220785323859,9,True,0.0
16,6,0,0.7135305031247776,0.7135305031247778,3,True,2.220446049250313e-16
16,6,1,0.7273815286299693,0.7273815286299693,3,True,0.0
17,6,0,0.6971627825126966,0.6971627825126966,3,True,0.0
17,6,1,0.6990092691302241,0.6990092691302241,3,True,0.0
18,6,0,0.7406604510684484,0.7175456068791973,3,True,-0.023114844189251027
18,6,1,0.7505667167398626,0.7133176159629231,3,True,-0.03724910077693955
19,6,0,0.7621061404513857,0.728241961657473,3,True,-0.03386417879391268
19,6,1,0.7436265440271964,0.7222634659171697,3,True,-0.02136307811002669
0,7,0,0.7448870510994371,0.727796035727697,3,True,-0.01709101537174007
0,7,1,0.7322639543771394,0.7209893204480808,3,True,-0.011274633929058586
1,7,0,0.7501417559678937,0.7225958477754455,6,True,-0.027545908192448176
1,7,1,0.7573436322998268,0.7564276834057645,6,True,-0.0009159488940623239
2,7,0,0.7421485609597502,0.718311655240453,3,True,-0.023836905719297197
2,7,1,0.7172751637816223,0.7163511202116031,3,True,-0.000924043570019184
3,7,0,0.7117766544037895,0.7117766544037895,6,True,0.0
3,7,1,0.7209959759528091,0.7209959759528091,6,True,0.0
4,7,0,0.7377821160575984,0.7487513018326538,3,True,0.010969185775055457
4,7,1,0.7282510531566699,0.7412788635974279,3,True,0.013027810440757959
5,7,0,0.707657350313428,0.7059410557608824,3,True,-0.0017162945525456275
5,7,1,0.7135387273131232,0.7087924144398751,3,True,-0.004746312873248115
6,7,0,0.732247775600251,0.7093461945234344,3,True,-0.022901581076816613
6,7,1,0.7464023728812534,0.7099166504089158,3,True,-0.03648572247233761
7,7,0,0.7525577553695711,0.7027374641275991,6,True,-0.04982029124197207
7,7,1,0.7214097006493706,0.7104562089557701,6,True,-0.010953491693600492
8,7,0,0.6976498601861422,0.6976498601861422,3,True,0.0
8,7,1,0.7163977462435388,0.7163977462435387,3,True,-1.1102230246251565e-16
9,7,0,0.7230587437835222,0.7214254033826858,3,True,-0.0016333404008364028
9,7,1,0.7159228010806864,0.7323392151516518,3,True,0.01641641407096539
10,7,0,0.743200702108538,0.7566321626224263,3,True,0.013431460513888327
10,7,1,0.7250650218926473,0.7095396581031368,3,True,-0.015525363789510527
11,7,0,0.7091074683047731,0.7234870042207324,3,True,0.014379535915959307
11,7,1,0.7037612596016907,0.7083575208049948,3,True,0.004596261203304142
12,7,0,0.7430358945240816,0.7413259001102173,3,True,-0.0017099944138643242
12,7,1,0.7539935258463061,0.7424657425562923,3,True,-0.011527783290013804
13,7,0,0.7925352653402996,0.7183254945247116,3,True,-0.074209770815588
13,7,1,0.7404348178061244,0.7071528900157102,3,True,-0.03328192779041417
14,7,0,0.729870607127799,0.7358228143295594,6,True,0.005952207201760373
14,7,1,0.7196686128590247,0.7220999688529113,6,True,0.0024313559938865525
15,7,0,0.7399151047392577,0.7399151047392577,9,True,0.0
15,7,1,0.7249780753230872,0.7249780753230872,9,True,0.0
16,7,0,0.7311493421878633,0.7311493421878633,3,True,0.0
16,7,1,0.7486526626352351,0.748652662635235,3,True,-1.1102230246251565e-16
17,7,0,0.7298110194983887,0.7298110194983888,3,True,1.1102230246251565e-16
17,7,1,0.7045814611911697,0.70458146119117,3,True,3.3306690738754696e-16
18,7,0,0.739106987836326,0.7256642054608635,3,True,-0.013442782375462481
18,7,1,0.758133961958638,0.7336246258521214,3,True,-0.02450933610651662
19,7,0,0.757442180834207,0.720260030012877,3,True,-0.03718215082133003
19,7,1,0.7293237478167105,0.7215409513471309,3,True,-0.007782796469579578
0,8,0,0.7462022982159766,0.7274901886636269,3,True,-0.0187121095523497
0,8,1,0.7351326645321313,0.7407916104606872,3,True,0.00565894592855587
1,8,0,0.7840436632175546,0.7614807455987209,6,True,-0.022562917618833667
1,8,1,0.7720250926008915,0.7776131371904765,6,True,0.005588044589585062
2,8,0,0.7710441998868063,0.7847520651222543,3,True,0.01370786523544798
2,8,1,0.7719151691192373,0.7302729886297402,3,True,-0.04164218048949708
3,8,0,0.7472225473513634,0.747222547351363,6,True,-4.440892098500626e-16
3,8,1,0.7197244217481261,0.7197244217481261,6,True,0.0
4,8,0,0.7496156140248748,0.7422274521745994,3,True,-0.007388161850275354
4,8,1,0.7374285846530281,0.7289380418601813,3,True,-0.008490542792846778
5,8,0,0.748426188438009,0.7296726839262841,3,True,-0.01875350451172486
5,8,1,0.7209563746564854,0.725805410808146,3,True,0.004849036151660546
6,8,0,0.7805398497720392,0.7440632548671131,3,True,-0.03647659490492605
6,8,1,0.7770437345699744,0.7365514183500433,3,True,-0.0404923162199311
7,8,0,0.737159453056754,0.742109486612533,6,True,0.004950033555778943
7,8,1,0.7449320924165501,0.7551084033126363,6,True,0.010176310896086171
8,8,0,0.7311565105101626,0.7311565105101625,3,True,-1.1102230246251565e-16
8,8,1,0.7617405616703476,0.7617405616703476,3,True,0.0
9,8,0,0.7714712759356949,0.7290102899514523,3,True,-0.04246098598424253
9,8,1,0.7453467306044713,0.7504558085208387,3,True,0.005109077916367388
10,8,0,0.7484131164575485,0.7624651276703598,3,True,0.0140520112128113
10,8,1,0.7281186641678198,0.7226577643795346,3,True,-0.005460899788285234
11,8,0,0.7342345583762533,0.762468989073859,3,True,0.028234430697605672
11,8,1,0.7232231930986266,0.7670921640403495,3,True,0.04386897094172293
12,8,0,0.775385198806953,0.7480796632867663,3,True,-0.027305535520186663
12,8,1,0.7444295994279231,0.7484802747999968,3,True,0.004050675372073709
13,8,0,0.7846286443476922,0.736565763843462,3,True,-0.04806288050423024
13,8,1,0.7541224184000094,0.7358952675243452,3,True,-0.018227150875664178
14,8,0,0.7482444949261412,0.7505788146041465,6,True,0.0023343196780053477
14,8,1,0.7333813105157785,0.7497390964791932,6,True,0.01635778596341475
15,8,0,0.7234660429292392,0.7234660429292392,9,True,0.0
15,8,1,0.7206017536886196,0.7206017536886196,9,True,0.0
16,8,0,0.747090704196614,0.747090704196614,3,True,0.0
16,8,1,0.7657571754594575,0.7657571754594573,3,True,-2.220446049250313e-16
17,8,0,0.7119767441982233,0.7119767441982232,3,True,-1.1102230246251565e-16
17,8,1,0.7189276193947538,0.7189276193947539,3,True,1.1102230246251565e-16
18,8,0,0.7362305962894776,0.7778819185013086,3,True,0.04165132221183099
18,8,1,0.7595277017427878,0.7250538963756091,3,True,-0.0344738053671787
19,8,0,0.7456010020584727,0.7317851450611158,3,True,-0.013815856997356879
19,8,1,0.7495984774642364,0.7558510921576335,3,True,0.006252614693397107
0,9,0,0.7655931462196754,0.7370032043253875,3,True,-0.028589941894287985
0,9,1,0.7400023672345057,0.7122239701729138,3,True,-0.02777839706159191
1,9,0,0.7463970829289996,0.7416812124046822,6,True,-0.004715870524317434
1,9,1,0.7386748087570191,0.7255239594689628,6,True,-0.013150849288056321
2,9,0,0.7240090086389283,0.7061682034400517,3,True,-0.01784080519887654
2,9,1,0.7297907668102639,0.7111172440203286,3,True,-0.018673522789935282
3,9,0,0.6976241718048056,0.6976241718048056,6,True,0.0
3,9,1,0.699281958807314,0.699281958807314,6,True,0.0
4,9,0,0.7334970145485743,0.7222201322246532,3,True,-0.0112768823239211
4,9,1,0.7565957960527119,0.7282052721662721,3,True,-0.02839052388643981
5,9,0,0.727758319818884,0.7202175371904554,3,True,-0.0075407826284284996
5,9,1,0.7135372195836571,0.7142464738427038,3,True,0.0007092542590466655
6,9,0,0.745078038153126,0.7183983096123336,3,True,-0.02667972854079237
6,9,1,0.743247478065836,0.7206752929696648,3,True,-0.022572185096171204
7,9,0,0.7636660325299772,0.7251328291182488,6,True,-0.03853320341172839
7,9,1,0.7265171098061036,0.7137553155319483,6,True,-0.012761794274155358
8,9,0,0.7073522108479706,0.7073522108479706,3,True,0.0
8,9,1,0.7386233768869814,0.7386233768869814,3,True,0.0
9,9,0,0.7164874592891878,0.7177809348924415,3,True,0.0012934756032537686
9,9,1,0.7249995040123103,0.714674700718808,3,True,-0.010324803293502272
10,9,0,0.7211834752575321,0.7338243178503666,3,True,0.01264084259283449
10,9,1,0.7124213741782432,0.7277316310299877,3,True,0.015310256851744475
11,9,0,0.7330663933805145,0.7086086913477618,3,True,-0.02445770203275266
11,9,1,0.7290250323146208,0.7079632474393889,3,True,-0.021061784875231915
12,9,0,0.7389217609601465,0.7456473909053388,3,True,0.006725629945192324
12,9,1,0.7279133372177566,0.7386821153628989,3,True,0.01076877814514221
13,9,0,0.7505718307437028,0.7324380551581723,3,True,-0.01813377558553053
13,9,1,0.7552435284144751,0.7454021921828532,3,True,-0.009841336231621867
14,9,0,0.7342053055499176,0.7408906899267639,6,True,0.006685384376846293
14,9,1,0.7227498848877008,0.7543829310901217,6,True,0.03163304620242091
15,9,0,0.7141205542172612,0.7141205542172613,9,True,1.1102230246251565e-16
15,9,1,0.7247538018175909,0.724753801817591,9,True,1.1102230246251565e-16
16,9,0,0.7365245635808365,0.7365245635808365,3,True,0.0
16,9,1,0.7238859152445934,0.7238859152445934,3,True,0.0
17,9,0,0.7070809133060606,0.7070809133060606,3,True,0.0
17,9,1,0.7064136271965699,0.7064136271965697,3,True,-1.1102230246251565e-16
18,9,0,0.7688261797699555,0.7205563111322179,3,True,-0.048269868637737634
18,9,1,0.7385160083724169,0.7501649970348795,3,True,0.011648988662462556
19,9,0,0.7109018755598492,0.722561800224925,3,True,0.011659924665075816
19,9,1,0.7499977612962193,0.7272341407513764,3,True,-0.022763620544842933
