run_id,arm,block,seed,consumed_budget,num_invalid,num_duplicate,num_failed,num_unique,selected_val_logloss,test_logloss,test_auc,test_accuracy,test_brier
controlled_random_b0_s0,controlled_random,0,0,25,0,1,0,24,0.729449436356439,0.7364418227608884,0.5371262601746694,0.5095,0.2659111456594807
controlled_random_b0_s1,controlled_random,0,1,25,0,2,0,23,0.7306729756668555,0.7621544535425233,0.48751158377829756,0.502,0.27946624364587225
controlled_random_b0_s2,controlled_random,0,2,25,0,0,0,25,0.7086395410449748,0.7164110654895812,0.5326592343272984,0.5325,0.26019861225005275
controlled_evolutionary_b0_s0,controlled_evolutionary,0,0,25,0,4,0,21,0.7088903348687725,0.7261588858094054,0.4859269630241785,0.499,0.2650978491114821
controlled_evolutionary_b0_s1,controlled_evolutionary,0,1,25,0,7,0,18,0.73161263543459,0.7222261519041729,0.5121203429199546,0.507,0.262674660815736
controlled_evolutionary_b0_s2,controlled_evolutionary,0,2,25,0,5,0,20,0.7372653911966219,0.7168396706390161,0.518559118389223,0.521,0.26050877349510054
controlled_greedy_b0_s0,controlled_greedy,0,0,25,0,1,0,25,0.7416425474330345,0.7434168747689139,0.5137169987684087,0.5195,0.27130926094497665
controlled_greedy_b0_s1,controlled_greedy,0,1,25,0,6,0,20,0.7198237851627336,0.723346718582351,0.5213893714070229,0.5105,0.26323406855367343
controlled_greedy_b0_s2,controlled_greedy,0,2,25,0,1,0,24,0.7452105552215958,0.728156160235753,0.5080865804686466,0.5075,0.2657721659094068
controlled_random_b1_s0,controlled_random,1,0,25,0,1,0,24,0.6930874355221608,0.7022545290332761,0.521768476878578,0.518,0.25428531132004195
controlled_random_b1_s1,controlled_random,1,1,25,0,2,0,23,0.7058558826916586,0.7124671245359491,0.5178069249932804,0.5135,0.25902945389529086
controlled_random_b1_s2,controlled_random,1,2,25,0,0,0,25,0.7050745628769796,0.7001448990915509,0.513164387353523,0.51,0.25339581951133233
controlled_evolutionary_b1_s0,controlled_evolutionary,1,0,25,0,4,0,21,0.6966449450189548,0.6958730111604762,0.5179272759366312,0.529,0.25130497214264996
controlled_evolutionary_b1_s1,controlled_evolutionary,1,1,25,0,4,0,21,0.6921207288433775,0.7011012454370925,0.5211426519731537,0.529,0.25371168449492315
controlled_evolutionary_b1_s2,controlled_evolutionary,1,2,25,0,4,0,21,0.6996799303094831,0.7087947327853635,0.529587276498269,0.5325,0.2567077085952981
controlled_greedy_b1_s0,controlled_greedy,1,0,25,0,2,0,24,0.700356349874387,0.7169546774744717,0.5342478667795292,0.5275,0.2597551068976375
controlled_greedy_b1_s1,controlled_greedy,1,1,25,0,5,0,20,0.6945484101115814,0.7262414690705283,0.5366047394201492,0.5345,0.2636139377736182
controlled_greedy_b1_s2,controlled_greedy,1,2,25,0,4,0,21,0.7062770180004432,0.7136131148436353,0.516698693389925,0.506,0.2593990110137614
controlled_random_b2_s0,controlled_random,2,0,25,0,1,0,24,0.6877824136397389,0.7292886460423192,0.5260088417826382,0.527,0.2654629108830238
controlled_random_b2_s1,controlled_random,2,1,25,0,2,0,23,0.6939158744482085,0.7035626942767818,0.5261843535750248,0.5175,0.2549437352565163
controlled_random_b2_s2,controlled_random,2,2,25,0,0,0,25,0.6828056066111987,0.7383266374230869,0.5257059585752053,0.524,0.26852483633729296
controlled_evolutionary_b2_s0,controlled_evolutionary,2,0,25,0,4,0,21,0.6910682367814173,0.7239286534360975,0.5265534298013006,0.5275,0.2636188206526817
controlled_evolutionary_b2_s1,controlled_evolutionary,2,1,25,0,5,0,20,0.694319668678369,0.7331263806645302,0.528643524517493,0.5255,0.26735255355496396
controlled_evolutionary_b2_s2,controlled_evolutionary,2,2,25,0,3,0,22,0.6974315520795907,0.7710433891635673,0.506431754997573,0.497,0.28215409923859774
controlled_greedy_b2_s0,controlled_greedy,2,0,25,0,0,0,25,0.7148827796501293,0.7682576791120286,0.49405967802110956,0.502,0.2823258948949074
controlled_greedy_b2_s1,controlled_greedy,2,1,25,0,2,0,24,0.6962735451727808,0.721642113787669,0.5214726141428405,0.5195,0.2627184756231154
controlled_greedy_b2_s2,controlled_greedy,2,2,25,0,3,0,22,0.6952522389317337,0.7270612906826374,0.4971256183029715,0.5015,0.26534609097011536
controlled_random_b3_s0,controlled_random,3,0,25,0,1,0,24,0.6920897913754778,0.7383792821153725,0.5248514668774146,0.5325,0.26935968662896
controlled_random_b3_s1,controlled_random,3,1,25,0,2,0,23,0.692630435153312,0.7261934640004458,0.5229800097083094,0.513,0.2646469254825296
controlled_random_b3_s2,controlled_random,3,2,25,0,0,0,25,0.703894267142607,0.7423082913887561,0.530398642441359,0.525,0.27008997459393747
controlled_evolutionary_b3_s0,controlled_evolutionary,3,0,25,0,6,0,19,0.6704663766438173,0.7735247958557236,0.5167839419747985,0.5145,0.2816052748634714
controlled_evolutionary_b3_s1,controlled_evolutionary,3,1,25,0,7,0,18,0.7030957673393567,0.7396483357763419,0.5300265574414994,0.523,0.2695603134335706
controlled_evolutionary_b3_s2,controlled_evolutionary,3,2,25,0,2,0,23,0.7205961985828396,0.762910081795673,0.5344283931945554,0.527,0.27381838252667773
controlled_greedy_b3_s0,controlled_greedy,3,0,25,0,1,0,25,0.6953909771740875,0.7405484037955988,0.5235075480099971,0.51,0.26902220454266546
controlled_greedy_b3_s1,controlled_greedy,3,1,25,0,2,0,23,0.6854862574120915,0.7260961888578866,0.5397328610227423,0.5365,0.2638344908788564
controlled_greedy_b3_s2,controlled_greedy,3,2,25,0,1,0,24,0.7061404122456668,0.7143348566202004,0.5182271503704803,0.52,0.25965898088954487
controlled_random_b4_s0,controlled_random,4,0,25,0,1,0,24,0.6987388050451341,0.706522993863681,0.5379546758347341,0.538,0.25585654217054976
controlled_random_b4_s1,controlled_random,4,1,25,0,2,0,23,0.6949643868142467,0.7154028349362156,0.5515743909239341,0.545,0.25902881857297766
controlled_random_b4_s2,controlled_random,4,2,25,0,0,0,25,0.699797730390503,0.7117976908675673,0.5464745196994436,0.547,0.2575817323488734
controlled_evolutionary_b4_s0,controlled_evolutionary,4,0,25,0,3,0,22,0.70143023983026,0.7108169963264136,0.5454395015866266,0.5255,0.25796718093100096
controlled_evolutionary_b4_s1,controlled_evolutionary,4,1,25,0,9,0,18,0.7026038100205817,0.7566032930566032,0.5175461646160203,0.5115,0.2757942361140002
controlled_evolutionary_b4_s2,controlled_evolutionary,4,2,25,0,4,0,21,0.7088668954755187,0.7084587434837076,0.5587453012985867,0.5425,0.25589699990117887
controlled_greedy_b4_s0,controlled_greedy,4,0,25,0,0,0,25,0.6928924438732322,0.7374578498467547,0.524191542538041,0.524,0.2682223139331356
controlled_greedy_b4_s1,controlled_greedy,4,1,25,0,5,0,21,0.7051086866070648,0.698822428429116,0.5498634016792968,0.54,0.2524352744594513
controlled_greedy_b4_s2,controlled_greedy,4,2,25,0,1,0,24,0.7001410260630877,0.7261719877160756,0.5389866851739673,0.536,0.263055400516292
controlled_random_b5_s0,controlled_random,5,0,25,0,1,0,24,0.7214425885966441,0.736859834715204,0.5159745818807644,0.499,0.2662163168743579
controlled_random_b5_s1,controlled_random,5,1,25,0,2,0,23,0.721349664416775,0.7390858127129211,0.5292312382908562,0.5245,0.2672891104411908
controlled_random_b5_s2,controlled_random,5,2,25,0,0,0,25,0.7027558968229375,0.7034643974878738,0.5234664281043523,0.5145,0.2548703558957935
controlled_evolutionary_b5_s0,controlled_evolutionary,5,0,25,0,6,0,19,0.7105355749710425,0.7043702702025445,0.5301860224414392,0.522,0.2551166676354603
controlled_evolutionary_b5_s1,controlled_evolutionary,5,1,25,0,8,0,17,0.6989370214683285,0.7050373664826065,0.5357652915902773,0.5285,0.255079080179982
controlled_evolutionary_b5_s2,controlled_evolutionary,5,2,25,0,2,0,23,0.7121144560823082,0.770052382815019,0.5100914265999654,0.509,0.2789576809107384
controlled_greedy_b5_s0,controlled_greedy,5,0,25,0,0,0,25,0.7332348981499406,0.7257463647941971,0.5088869142419294,0.51,0.2648523567403971
controlled_greedy_b5_s1,controlled_greedy,5,1,25,0,4,0,21,0.7258528064108748,0.7407762532610869,0.5005405763205507,0.492,0.2708964037556265
controlled_greedy_b5_s2,controlled_greedy,5,2,25,0,2,0,23,0.720064550224668,0.7429932837685241,0.5184357586722883,0.5185,0.2702085947853245
controlled_random_b6_s0,controlled_random,6,0,25,0,1,0,24,0.6938841378650643,0.7451182602059228,0.5189943876343418,0.5165,0.2721167531268032
controlled_random_b6_s1,controlled_random,6,1,25,0,2,0,23,0.6911584771448702,0.7479497050770411,0.5019336384898363,0.508,0.274109605133252
controlled_random_b6_s2,controlled_random,6,2,25,0,0,0,25,0.7057244566635984,0.7286448744545229,0.5235998170665661,0.5295,0.26523520423785835
controlled_evolutionary_b6_s0,controlled_evolutionary,6,0,25,0,4,0,21,0.7030785985220228,0.6999582594097117,0.510701204712943,0.5055,0.2532362799041518
controlled_evolutionary_b6_s1,controlled_evolutionary,6,1,25,0,11,0,16,0.7084937255730126,0.6998795067514059,0.5237522615948105,0.5175,0.2531514696531013
controlled_evolutionary_b6_s2,controlled_evolutionary,6,2,25,0,4,0,21,0.7059968849903537,0.7515605882124573,0.49985156716986734,0.5055,0.2751779308957027
controlled_greedy_b6_s0,controlled_greedy,6,0,25,0,1,0,25,0.7051241367635853,0.7181297149207696,0.5170336701822514,0.5105,0.2612581309992071
controlled_greedy_b6_s1,controlled_greedy,6,1,25,0,1,0,24,0.7064815987746276,0.7339920862447179,0.5123490097123211,0.512,0.2677417159518374
controlled_greedy_b6_s2,controlled_greedy,6,2,25,0,2,0,23,0.6963500962465476,0.7422719072649306,0.5193253527285565,0.512,0.27064837760704014
controlled_random_b7_s0,controlled_random,7,0,25,0,1,0,24,0.6947634580836902,0.7287973166055608,0.49624304471839886,0.5085,0.2664809300930392
controlled_random_b7_s1,controlled_random,7,1,25,0,2,0,23,0.6839249200994459,0.7410682044534623,0.5099640551849193,0.5125,0.27093727213587626
controlled_random_b7_s2,controlled_random,7,2,25,0,0,0,25,0.6996381136158074,0.7094131200672135,0.5156295758431587,0.5225,0.2574976265380277
controlled_evolutionary_b7_s0,controlled_evolutionary,7,0,25,0,5,0,20,0.6851226538330673,0.7176612774995577,0.5030609256592223,0.497,0.261488607297217
controlled_evolutionary_b7_s1,controlled_evolutionary,7,1,25,0,7,0,18,0.6964492747071167,0.7024400524758537,0.5327946291385681,0.5135,0.2543605174874975
controlled_evolutionary_b7_s2,controlled_evolutionary,7,2,25,0,2,0,23,0.7002075872026008,0.6999528504832109,0.5336641647042777,0.5195,0.25306832406279883
controlled_greedy_b7_s0,controlled_greedy,7,0,25,0,0,0,25,0.6828982424605153,0.7168103113425612,0.5303765781017447,0.5245,0.260212176004785
controlled_greedy_b7_s1,controlled_greedy,7,1,25,0,0,0,25,0.6953465625659373,0.7441737982448485,0.501820308018181,0.4995,0.272890200202643
controlled_greedy_b7_s2,controlled_greedy,7,2,25,0,3,0,22,0.6737888333620616,0.712213234977086,0.5352217064961426,0.5265,0.2584886720488294
controlled_random_b8_s0,controlled_random,8,0,25,0,1,0,24,0.731522119519708,0.7601850937142401,0.4966953636804924,0.499,0.2782481985845119
controlled_random_b8_s1,controlled_random,8,1,25,0,2,0,23,0.7244160143631143,0.7310157542859098,0.5123951442406057,0.513,0.266654296292076
controlled_random_b8_s2,controlled_random,8,2,25,0,0,0,25,0.7364058410932812,0.7340301716115798,0.5113992401843777,0.5105,0.26745851594036485
controlled_evolutionary_b8_s0,controlled_evolutionary,8,0,25,0,8,0,17,0.7162310382451209,0.7125552076159709,0.5320715205539353,0.537,0.2584748631715968
controlled_evolutionary_b8_s1,controlled_evolutionary,8,1,25,0,7,0,18,0.7299436141583105,0.7136095073361959,0.5055241082998022,0.506,0.2596096908769833
controlled_evolutionary_b8_s2,controlled_evolutionary,8,2,25,0,5,0,20,0.7310404309022419,0.7142788113423019,0.5111043803731682,0.5195,0.25970982089438804
controlled_greedy_b8_s0,controlled_greedy,8,0,25,0,1,0,24,0.7446190924427349,0.7338987463477264,0.5023328024519499,0.501,0.26831951357138967
controlled_greedy_b8_s1,controlled_greedy,8,1,25,0,4,0,22,0.7175100066281299,0.746937028922381,0.5050487220735665,0.5015,0.2727923463779731
controlled_greedy_b8_s2,controlled_greedy,8,2,25,0,2,0,23,0.7253495346868474,0.7288084210218403,0.5070926822614744,0.5115,0.2654255944289806
controlled_random_b9_s0,controlled_random,9,0,25,0,1,0,24,0.7010644073592839,0.7277654462410414,0.5463080342278084,0.542,0.26419309442424743
controlled_random_b9_s1,controlled_random,9,1,25,0,2,0,23,0.7153802388000136,0.6970502028168413,0.5404068263055068,0.5355,0.25180176688906203
controlled_random_b9_s2,controlled_random,9,2,25,0,0,0,25,0.7024342935014415,0.7192625502068597,0.5604362320526656,0.5295,0.259885411688416
controlled_evolutionary_b9_s0,controlled_evolutionary,9,0,25,0,4,0,21,0.7183107466209513,0.703562470974749,0.5321026112143009,0.5405,0.2548318312304197
controlled_evolutionary_b9_s1,controlled_evolutionary,9,1,25,0,9,0,17,0.7188043212007991,0.7075570873688227,0.5371914502689844,0.538,0.2561796624633913
controlled_evolutionary_b9_s2,controlled_evolutionary,9,2,25,0,4,0,21,0.7323897328610471,0.7466709632707709,0.5587904329023433,0.5375,0.2698983748268123
controlled_greedy_b9_s0,controlled_greedy,9,0,25,0,0,0,25,0.7154416864728663,0.7607026588553871,0.5138102707495056,0.517,0.2776115633882265
controlled_greedy_b9_s1,controlled_greedy,9,1,25,0,1,0,24,0.7023813059085089,0.7038465503313671,0.5760738312920476,0.557,0.2533471864331046
controlled_greedy_b9_s2,controlled_greedy,9,2,25,0,3,0,22,0.698635118006318,0.7107364793847023,0.5477231607367081,0.5365,0.2574327290310474
